,Revenue,Gross Margin,Operating Margin,Gross Profit,Operating Profit,Net Income,EPS,PE Ratio,Discounted Cash Flow
0,1691.2,0.1,0.06,186.69,85.79,17.27,0.15,30.05,30.892806450671134
1,1646.64,0.25,0.1,392.03,229.38,47.07,0.41,30.43,101.4191218002975
2,1722.72,0.18,0.12,364.85,210.31,42.06,0.36,29.89,86.46570832882766
3,1572.48,0.24,0.15,392.12,169.17,35.55,0.31,29.89,64.15047044958746
4,1752.79,0.2,0.11,329.33,242.56,52.28,0.45,30.19,122.08772334915905
5,1618.94,0.13,0.09,121.61,132.8,26.63,0.23,29.93,52.33046508117306
6,1601.37,0.15,0.08,253.34,139.1,28.18,0.24,29.95,66.22671634150797
7,1597.26,0.2,0.1,292.28,197.79,41.33,0.36,30.24,92.14430802535173
8,1591.23,0.23,0.14,363.56,287.09,58.67,0.51,29.36,117.6051263095145
9,1584.13,0.22,0.09,332.03,120.08,28.12,0.24,29.45,48.182933704822894
10,1702.35,0.16,0.08,316.36,109.79,25.36,0.22,30.38,45.598701477098
11,1640.85,0.23,0.06,486.77,119.51,25.35,0.22,29.94,56.96889734485539
12,1707.96,0.19,0.11,369.14,132.99,29.65,0.26,30.33,53.79215326862592
13,1538.98,0.22,0.11,327.53,138.74,28.31,0.24,30.34,62.25814141583384
14,1595.04,0.25,0.08,391.78,176.47,36.52,0.32,29.72,61.041173623998155
15,1639.2,0.17,0.09,287.64,171.8,35.37,0.31,29.86,63.2088450626904
16,1543.03,0.23,0.05,313.04,101.61,27.19,0.23,30.49,45.16269732142683
17,1732.38,0.17,0.07,322.22,118.57,27.42,0.24,29.62,56.943005878257495
18,1431.83,0.19,0.1,256.11,151.51,30.52,0.26,29.58,67.81261503379375
19,1589.31,0.19,0.1,311.49,161.62,34.06,0.29,29.81,65.31473660380733
20,1610.11,0.22,0.05,295.89,95.73,26.57,0.23,29.93,44.65475518692878
21,1691.18,0.23,0.1,383.87,178.17,35.63,0.31,30.05,73.82541350136424
22,1611.44,0.21,0.1,368.35,191.8,39.02,0.34,29.85,80.36724085060993
23,1557.51,0.18,0.1,248.92,131.97,27.1,0.23,30.25,48.93669010646617
24,1582.79,0.19,0.17,306.57,322.33,64.47,0.56,29.95,124.60124488697457
25,1655.0,0.25,0.12,425.41,227.04,47.01,0.41,29.63,95.36953636488566
26,1549.17,0.24,0.07,475.96,69.27,18.92,0.16,30.8,37.374365357151774
27,1562.55,0.21,0.06,308.78,69.83,19.25,0.17,29.75,35.45490570661705
28,1625.08,0.18,0.11,294.78,184.88,37.56,0.32,29.93,71.07295592490391
29,1613.76,0.18,0.08,284.65,175.51,35.99,0.31,29.97,69.56476214403855
30,1607.19,0.24,0.05,352.18,100.76,26.07,0.23,30.14,44.4058714190983
31,1498.1,0.18,0.12,241.6,121.25,26.31,0.23,30.52,52.390076799531926
32,1641.13,0.18,0.09,265.4,111.63,28.31,0.24,30.51,52.35713961665606
33,1613.72,0.23,0.02,332.02,105.02,27.72,0.24,29.74,52.960227647668574
34,1584.57,0.23,0.1,333.09,159.65,36.76,0.32,29.75,73.9282164814815
35,1587.06,0.22,0.1,276.09,178.76,36.83,0.32,29.38,62.93196595728051
36,1474.29,0.19,0.03,331.82,22.62,14.9,0.13,29.77,25.716192269115087
37,1657.66,0.24,0.12,349.5,168.7,33.74,0.29,29.93,59.43724709587722
38,1553.51,0.25,0.04,389.08,31.26,12.78,0.11,30.45,23.88285078531449
39,1711.63,0.22,0.17,469.98,266.78,53.36,0.46,30.13,106.19456750450945
40,1598.54,0.18,0.18,312.96,241.91,48.38,0.42,29.82,97.41776902233977
41,1626.08,0.2,0.16,335.94,234.79,46.96,0.41,30.26,92.27214793215707
42,1656.8,0.22,0.07,398.19,87.16,33.28,0.29,29.91,68.8799316026592
43,1611.54,0.18,0.11,295.46,236.83,55.15,0.48,29.83,125.82431439659513
44,1553.94,0.2,0.06,319.38,115.9,24.4,0.21,29.79,44.66983085092357
45,1558.18,0.2,0.06,299.86,83.54,23.91,0.21,29.98,53.92323252042665
46,1584.47,0.15,0.13,194.8,146.5,30.89,0.27,30.23,58.20221438926523
47,1570.6,0.21,0.1,270.15,170.62,35.64,0.31,30.73,78.05773540984197
48,1616.48,0.18,0.06,226.04,103.11,21.59,0.19,30.14,40.91079188748823
49,1624.18,0.22,0.08,372.99,53.64,18.59,0.16,30.32,40.583979083277384
50,1617.01,0.16,0.09,219.41,147.53,41.43,0.36,29.7,90.45212869784157
51,1610.26,0.25,0.12,427.19,157.76,31.55,0.27,30.14,68.71169736640641
52,1631.2,0.26,0.09,483.98,172.59,34.85,0.3,30.32,72.73472276854004
53,1679.9,0.22,0.06,355.76,142.98,29.63,0.26,30.21,56.98581335105608
54,1579.3,0.2,0.1,274.6,213.67,44.79,0.39,30.33,96.67456909326192
55,1659.52,0.2,0.11,337.88,222.42,48.32,0.42,30.21,98.05322607367523
56,1511.84,0.19,0.07,282.61,89.82,21.3,0.18,30.1,43.550772957121886
57,1627.12,0.17,0.05,280.3,131.63,35.13,0.3,29.49,73.79798870018651
58,1603.35,0.2,0.11,245.35,175.68,35.14,0.3,29.53,66.64467433554488
59,1605.12,0.2,0.06,309.61,101.99,23.81,0.21,29.86,48.57305669588014
60,1650.93,0.22,0.12,415.2,157.89,37.12,0.32,30.32,83.96717671103573
61,1618.27,0.22,0.13,381.9,175.08,35.14,0.3,30.41,69.27886815643834
62,1622.9,0.2,0.1,324.73,149.83,31.06,0.27,30.03,62.76979940198861
63,1553.07,0.22,0.05,417.97,75.71,24.06,0.21,30.42,43.70187322608439
64,1660.16,0.21,0.1,356.77,129.57,32.73,0.28,30.38,72.84069098383436
65,1663.34,0.18,0.1,299.78,108.32,33.36,0.29,29.49,59.80830074439747
66,1646.63,0.24,0.11,359.97,169.94,36.13,0.31,29.86,72.85827987557629
67,1677.63,0.15,0.04,275.43,115.51,28.17,0.24,30.25,52.46054058100643
68,1697.24,0.18,0.08,333.3,145.26,32.45,0.28,29.86,75.31689180420766
69,1628.33,0.19,0.09,295.8,155.3,31.06,0.27,30.57,65.60662528956627
70,1733.65,0.19,0.09,399.83,61.55,15.79,0.14,29.63,32.08200797380509
71,1584.6,0.18,0.09,348.03,135.08,27.14,0.23,29.97,50.86810516289992
72,1616.42,0.16,0.1,279.64,184.99,37.0,0.32,29.6,77.58947375912598
73,1713.57,0.21,0.1,415.02,149.48,31.6,0.27,30.29,72.07606297043557
74,1648.61,0.22,0.09,414.62,106.03,24.18,0.21,30.07,53.14134184781995
75,1641.46,0.24,0.11,397.82,169.04,34.08,0.29,30.28,71.75879173158035
76,1624.81,0.22,0.06,397.99,58.08,17.37,0.15,30.25,31.096856002532054
77,1560.6,0.19,0.14,263.53,205.28,41.06,0.35,30.2,88.1127778944363
78,1707.27,0.2,0.08,373.4,103.75,23.48,0.2,29.85,43.7240694490213
79,1617.02,0.22,0.14,375.99,210.49,42.1,0.36,29.78,89.135678742116
80,1788.32,0.25,0.11,424.31,268.32,55.48,0.48,29.7,123.9651952256221
81,1659.31,0.21,0.15,368.09,231.74,46.76,0.4,29.79,81.9023644601755
82,1628.36,0.23,0.1,373.31,120.89,24.18,0.21,30.13,49.836691218686035
83,1538.26,0.14,0.1,289.01,138.92,28.19,0.24,29.44,56.09488053330002
84,1550.15,0.26,0.07,392.76,80.47,19.32,0.17,30.15,35.568774352390676
85,1626.24,0.2,0.11,363.59,95.37,26.48,0.23,30.07,63.086120646894464
86,1635.57,0.2,0.12,334.39,218.19,45.3,0.39,29.83,92.56306744062297
87,1581.32,0.19,0.09,277.47,174.94,35.47,0.31,30.21,71.42886466683923
88,1697.31,0.16,0.06,354.26,61.48,24.3,0.21,30.0,44.55666409123739
89,1636.54,0.19,0.14,361.93,220.01,44.0,0.38,30.37,89.93546190635354
90,1640.75,0.2,0.06,363.49,77.88,22.55,0.19,29.97,39.5830449178286
91,1629.26,0.22,0.14,381.77,294.59,59.35,0.51,30.09,122.25187135163681
92,1686.42,0.17,0.07,252.47,32.24,17.54,0.15,30.16,35.49712597886407
93,1649.31,0.18,0.06,315.32,75.84,19.37,0.17,30.1,36.58286038802431
94,1659.74,0.2,0.16,361.16,265.47,53.09,0.46,29.95,103.40680440001387
95,1548.47,0.2,0.13,355.55,221.96,44.82,0.39,30.33,88.26262109851776
96,1481.51,0.24,0.1,353.89,193.16,40.48,0.35,30.22,77.93606152721988
97,1587.19,0.18,0.07,238.58,117.38,23.89,0.21,29.74,49.51065608246651
98,1632.13,0.17,0.04,284.78,54.0,14.29,0.12,29.6,29.81336104225532
99,1570.0,0.23,0.07,346.84,103.81,25.81,0.22,29.82,50.91009790927136
100,1649.71,0.19,0.14,324.8,258.28,53.52,0.46,29.61,101.48065681463598
101,1658.04,0.14,0.12,274.72,245.9,49.5,0.43,30.2,109.17967054547255
102,1628.72,0.2,0.1,341.63,163.58,32.78,0.28,30.32,72.65735943379593
103,1690.08,0.17,0.09,251.2,176.35,36.19,0.31,30.42,71.24083887798983
104,1531.46,0.18,0.11,240.72,179.8,35.96,0.31,30.25,74.47676634610625
105,1567.4,0.25,0.09,363.82,129.57,26.15,0.23,29.99,56.89153436899491
106,1579.33,0.26,0.07,394.48,88.53,26.86,0.23,30.67,47.76680911431147
107,1629.59,0.2,0.1,342.42,127.91,29.04,0.25,29.45,51.87691783437269
108,1602.1,0.2,0.05,312.87,18.16,12.77,0.11,30.01,26.08315858680581
109,1650.48,0.16,0.03,302.96,50.01,12.17,0.11,29.93,28.54399718302263
110,1588.81,0.16,0.08,257.12,99.78,21.04,0.18,29.65,39.825301778853195
111,1622.86,0.26,0.12,371.92,182.31,37.84,0.33,30.18,80.46940418234489
112,1661.83,0.2,0.05,337.53,89.08,21.59,0.19,30.08,37.100871507921894
113,1692.7,0.18,0.11,287.64,175.57,35.54,0.31,29.54,70.75684741270868
114,1665.24,0.18,0.07,263.35,112.2,25.04,0.22,29.55,44.9101030487978
115,1678.25,0.21,0.07,379.57,92.72,26.23,0.23,30.01,44.41203161670552
116,1680.91,0.23,0.12,333.33,188.52,39.97,0.35,29.46,73.23425208272516
117,1598.65,0.21,0.11,256.5,84.56,25.73,0.22,29.58,47.669110436023985
118,1687.94,0.18,0.11,248.65,176.17,35.23,0.3,30.01,76.79223540780528
119,1699.27,0.2,0.03,293.3,38.58,17.83,0.15,29.58,41.0225424867273
120,1588.28,0.22,0.13,297.97,227.68,46.46,0.4,29.22,93.91166169331902
121,1665.89,0.22,0.13,365.57,248.04,49.89,0.43,29.67,110.42955514045157
122,1647.97,0.24,0.1,315.47,245.51,51.76,0.45,29.69,112.95764627107482
123,1686.47,0.24,0.2,426.1,382.26,76.74,0.66,29.91,160.7703216823586
124,1600.35,0.2,0.07,336.02,86.21,22.1,0.19,29.53,40.4576943067733
125,1624.61,0.23,0.13,355.71,204.56,40.91,0.35,29.91,85.60398741554866
126,1706.03,0.22,0.09,378.39,143.68,28.74,0.25,29.87,59.429477551970066
127,1647.53,0.24,0.12,407.29,242.09,48.42,0.42,29.78,101.8293960617585
128,1488.21,0.2,0.12,312.01,198.54,40.42,0.35,29.9,88.26899971637006
129,1587.01,0.16,0.15,234.75,242.25,49.66,0.43,30.21,111.237878955322
130,1717.77,0.19,0.1,325.24,171.1,34.32,0.3,29.74,65.72966586705158
131,1734.35,0.21,0.11,331.21,241.2,49.61,0.43,30.32,105.56827392728039
132,1583.29,0.18,0.12,197.31,138.39,32.73,0.28,31.0,74.34468879421472
133,1604.96,0.27,0.08,396.75,177.35,37.44,0.32,30.35,77.9878009188289
134,1618.87,0.16,0.15,267.3,220.76,44.15,0.38,30.06,82.23009125153087
135,1609.38,0.18,0.08,271.37,64.89,21.87,0.19,29.73,49.78277483911443
136,1573.82,0.19,0.09,289.47,137.69,31.87,0.28,30.45,67.30046298734173
137,1721.46,0.22,0.15,376.63,201.72,40.34,0.35,30.05,83.38551345504868
138,1586.0,0.19,0.15,331.64,174.29,40.39,0.35,30.13,72.04702934424597
139,1585.13,0.17,0.06,227.22,85.9,17.4,0.15,30.18,36.03128695054127
140,1630.2,0.22,0.12,320.75,246.65,49.33,0.43,30.41,97.80452020249757
141,1757.12,0.19,0.14,303.9,170.31,34.06,0.29,30.32,80.13575004293095
142,1582.97,0.2,0.15,343.46,262.79,52.56,0.45,29.67,106.83023668651347
143,1651.72,0.2,0.06,262.64,122.39,25.24,0.22,29.74,53.684122191215295
144,1670.39,0.24,0.1,420.23,167.36,33.71,0.29,30.22,80.61852133637467
145,1500.7,0.16,0.08,245.2,143.5,30.91,0.27,30.22,63.4250514881527
146,1638.42,0.21,0.15,426.03,250.76,50.15,0.43,30.33,97.75882742310336
147,1685.41,0.24,0.07,377.66,129.24,26.67,0.23,29.87,54.87718139811925
148,1574.98,0.17,0.17,283.25,293.48,58.7,0.51,29.65,115.95501997929436
149,1561.34,0.19,0.11,284.16,200.37,40.07,0.35,29.97,78.36400891442709
150,1669.09,0.2,0.09,359.14,158.48,34.09,0.29,30.05,65.67543692539448
151,1596.85,0.18,0.09,287.61,124.38,29.54,0.26,29.99,62.8335798163138
152,1582.8,0.18,0.09,245.39,138.99,29.94,0.26,30.01,61.08592987062035
153,1563.02,0.24,0.08,399.92,158.33,31.9,0.28,29.96,58.62290890003731
154,1713.78,0.21,0.07,362.65,86.25,33.48,0.29,30.28,87.55666658638768
155,1601.43,0.18,0.1,294.06,126.4,25.28,0.22,29.64,54.143339032660215
156,1599.25,0.19,0.09,317.47,177.85,37.19,0.32,30.29,81.71345180618192
157,1564.04,0.25,0.1,428.34,118.68,27.36,0.24,30.25,58.37276644538304
158,1489.6,0.17,0.08,256.8,57.95,18.82,0.16,29.73,40.780240827610626
159,1637.7,0.21,0.08,375.56,49.08,22.13,0.19,29.93,41.6373429597121
160,1613.84,0.19,0.12,289.2,184.33,36.87,0.32,30.2,81.09247076538318
161,1722.36,0.21,0.13,279.46,249.24,51.56,0.45,30.06,107.3520761119602
162,1652.62,0.21,0.08,406.08,124.59,25.13,0.22,29.99,44.563134662313125
163,1614.06,0.19,0.08,413.55,105.29,21.73,0.19,29.81,47.61162988883069
164,1462.35,0.17,0.14,282.87,236.81,47.36,0.41,29.86,96.7738330754933
165,1617.07,0.2,0.02,300.99,62.82,19.41,0.17,30.13,37.84641489606125
166,1609.96,0.22,0.05,358.06,92.58,19.18,0.17,30.37,38.1595135038946
167,1605.82,0.18,0.08,256.57,124.97,25.21,0.22,30.22,50.620576858525986
168,1659.16,0.23,0.13,450.0,244.59,48.92,0.42,30.22,94.82211378645539
169,1530.6,0.18,0.09,222.74,157.53,33.86,0.29,29.68,70.35650033160036
170,1613.8,0.19,0.08,319.42,144.7,30.66,0.26,30.36,59.9635163706407
171,1563.46,0.2,0.09,284.35,148.62,31.06,0.27,29.92,59.18907945850239
172,1648.63,0.2,0.12,343.94,153.99,32.21,0.28,29.32,58.204126355787494
173,1487.07,0.15,0.03,248.23,7.03,8.51,0.07,29.71,17.388797264827318
174,1563.72,0.15,0.12,287.83,127.42,33.87,0.29,29.53,61.446475821954216
175,1558.43,0.21,0.1,367.59,135.69,28.89,0.25,30.15,61.85863846508627
176,1570.2,0.19,0.11,262.65,178.27,35.94,0.31,29.99,78.88050113989331
177,1509.75,0.23,0.13,356.08,177.03,35.41,0.31,30.25,71.4401134578412
178,1596.52,0.22,0.12,384.39,166.83,33.77,0.29,29.89,62.3316486660813
179,1672.36,0.19,0.06,309.28,107.15,25.78,0.22,29.81,49.30562623117099
180,1725.88,0.17,0.11,320.25,202.8,40.56,0.35,29.85,87.82428631601283
181,1615.17,0.23,0.12,397.06,164.43,32.89,0.28,30.2,63.561178523851886
182,1655.58,0.2,0.09,347.65,105.25,32.1,0.28,30.02,57.057365881353086
183,1644.81,0.19,0.1,337.77,134.98,30.5,0.26,29.81,53.81049821407022
184,1657.3,0.19,0.08,317.75,153.36,32.98,0.28,29.99,69.05110646134179
185,1526.09,0.22,0.07,285.73,160.7,33.9,0.29,29.98,74.4340364182345
186,1568.25,0.23,0.11,396.02,201.99,43.62,0.38,30.72,89.41127197446221
187,1637.75,0.11,0.09,169.2,181.7,36.34,0.31,29.85,80.69177188707289
188,1520.76,0.22,0.06,350.91,122.85,29.6,0.26,29.96,69.59961114565426
189,1664.46,0.22,-0.01,424.82,22.65,14.85,0.13,29.82,26.90021585708515
190,1606.68,0.16,0.07,268.73,137.33,30.74,0.27,30.25,66.7433431431109
191,1618.93,0.16,0.09,287.25,180.13,38.49,0.33,30.04,91.28911363314539
192,1605.25,0.19,0.11,389.65,217.15,44.21,0.38,29.79,83.64920673952398
193,1508.44,0.2,0.09,338.13,137.85,27.78,0.24,30.17,46.95160807336466
194,1713.22,0.21,0.12,373.52,281.65,56.33,0.49,30.29,119.80920492248454
195,1534.5,0.17,0.06,270.58,90.43,20.41,0.18,30.35,41.41550840008749
196,1556.03,0.28,0.09,428.96,194.11,40.73,0.35,29.61,65.65381425587422
197,1604.16,0.18,0.16,234.5,196.36,39.27,0.34,29.8,79.49081532570318
198,1538.67,0.21,0.1,314.97,138.93,27.79,0.24,30.04,51.67892002205322
199,1609.52,0.22,0.08,325.59,130.4,33.74,0.29,29.8,71.37608134084651
200,1629.55,0.2,0.1,343.18,163.13,32.63,0.28,29.45,66.77211321214995
201,1621.89,0.21,0.11,353.2,191.53,39.4,0.34,29.93,91.30062900812
202,1718.42,0.21,0.04,408.94,120.51,29.42,0.25,29.72,57.44107435507742
203,1596.51,0.22,0.11,291.8,205.84,43.46,0.38,29.86,91.38081037645159
204,1576.56,0.21,0.06,290.78,81.46,18.68,0.16,30.29,38.62606310319925
205,1616.73,0.23,0.09,415.15,128.27,25.8,0.22,30.23,54.380241314667806
206,1627.89,0.19,0.14,288.92,259.45,51.89,0.45,29.82,110.71049452933529
207,1680.54,0.22,0.05,282.18,120.68,26.27,0.23,30.02,53.76733325632132
208,1508.68,0.22,0.08,315.8,91.62,18.94,0.16,29.63,40.32831053218241
209,1648.67,0.17,0.13,316.37,192.79,39.38,0.34,29.87,68.96635736383875
210,1649.51,0.22,0.11,354.42,133.1,27.29,0.24,29.18,55.20260213840299
211,1572.66,0.13,0.16,220.41,242.01,48.4,0.42,30.61,97.7281368811132
212,1527.56,0.17,0.09,260.18,178.34,42.07,0.36,30.08,92.5274791667182
213,1483.21,0.19,0.08,321.25,121.71,24.73,0.21,30.34,45.80871012208094
214,1598.44,0.16,0.1,259.29,147.9,30.43,0.26,30.37,63.99394321036755
215,1681.15,0.19,0.11,342.14,181.09,36.29,0.31,30.1,71.28937609908263
216,1630.07,0.25,0.1,400.93,107.48,21.5,0.19,29.99,42.92729471586321
217,1588.19,0.26,0.06,382.42,135.98,29.64,0.26,30.07,49.16735877482445
218,1654.84,0.17,0.07,270.9,178.55,41.99,0.36,30.15,99.54089934112207
219,1610.06,0.21,0.12,337.33,186.54,38.77,0.34,30.1,80.94171066714419
220,1623.12,0.22,0.08,306.86,127.43,26.26,0.23,29.64,51.340369521228034
221,1483.71,0.17,0.05,298.04,44.46,14.74,0.13,30.23,27.642315413285914
222,1576.5,0.22,0.07,339.03,111.58,24.56,0.21,29.57,50.276690512895684
223,1648.78,0.13,0.09,222.39,159.79,33.33,0.29,30.27,64.6340091618109
224,1593.23,0.24,0.13,320.67,221.05,44.56,0.39,29.99,92.88395252912227
225,1637.43,0.19,0.06,327.2,116.01,26.41,0.23,29.66,45.34480447769613
226,1510.75,0.22,0.04,322.36,69.71,17.88,0.15,30.06,38.36023328791919
227,1685.72,0.21,0.15,308.69,230.43,46.09,0.4,29.51,93.15166955108279
228,1589.15,0.23,0.17,332.33,295.28,59.06,0.51,30.11,114.35214082201877
229,1637.87,0.2,0.14,295.74,232.26,46.45,0.4,29.88,96.21815377756727
230,1620.24,0.19,0.13,319.21,177.11,36.32,0.31,30.21,68.05324440649589
231,1686.04,0.18,0.09,347.88,159.36,32.44,0.28,29.98,57.21819537762396
232,1585.46,0.2,0.15,345.65,204.86,40.97,0.35,30.1,80.54928641726491
233,1611.06,0.26,0.1,390.41,130.56,28.4,0.25,29.57,50.045438089113965
234,1614.75,0.19,0.15,209.8,253.21,51.52,0.45,29.89,95.42072444254065
235,1529.74,0.18,0.04,278.03,77.85,16.87,0.15,30.0,32.664430754950686
236,1579.29,0.15,0.11,215.42,208.21,42.0,0.36,30.44,90.23305201323188
237,1620.39,0.21,0.09,375.21,161.05,32.82,0.28,30.22,62.08350519792055
238,1529.77,0.15,0.08,256.26,119.75,25.09,0.22,30.11,51.93834505565231
239,1633.59,0.16,0.08,242.65,73.19,17.75,0.15,29.97,33.126529863794914
240,1570.69,0.17,0.11,243.64,142.27,30.52,0.26,30.35,67.41964312205451
241,1545.28,0.2,0.09,288.17,91.74,25.05,0.22,31.2,52.03192410438984
242,1607.52,0.27,0.04,367.34,78.95,21.66,0.19,30.13,36.53758622334762
243,1435.96,0.16,0.1,216.87,159.32,32.06,0.28,30.09,61.874412499661474
244,1638.87,0.13,0.08,257.3,167.8,35.41,0.31,29.85,67.55001697943781
245,1568.73,0.19,0.09,241.82,143.41,30.19,0.26,29.43,57.5376072412843
246,1602.09,0.22,0.1,409.7,201.99,41.39,0.36,30.43,91.46753773667055
247,1568.97,0.25,0.13,374.54,175.94,35.73,0.31,30.3,68.5162763368422
248,1457.55,0.19,0.11,291.13,144.23,28.95,0.25,30.17,55.21189674686295
249,1598.87,0.23,0.11,432.13,118.3,32.4,0.28,30.59,70.57217969828699
250,1578.77,0.18,0.1,264.55,160.72,34.03,0.29,30.23,64.44239559591507
251,1629.07,0.21,0.07,334.88,133.97,29.96,0.26,29.81,57.019027091083395
252,1655.84,0.2,0.11,356.93,173.35,34.67,0.3,30.49,71.81473265058553
253,1646.34,0.19,0.13,285.07,186.13,40.94,0.35,29.79,81.676828185045
254,1561.08,0.17,0.09,358.07,135.94,29.04,0.25,29.6,52.93357181703435
255,1654.44,0.17,0.04,301.39,109.54,26.22,0.23,29.68,43.49469178561435
256,1568.46,0.24,0.05,357.22,87.86,18.87,0.16,30.27,38.15331850440339
257,1580.73,0.15,0.09,231.83,158.79,33.31,0.29,29.68,65.86517036578284
258,1577.34,0.18,0.09,328.7,91.19,18.62,0.16,30.0,38.35239928477199
259,1656.55,0.25,0.16,412.28,304.16,60.83,0.53,30.25,126.21085504843316
260,1638.31,0.2,0.11,376.78,64.14,26.36,0.23,29.99,50.49206675337236
261,1549.66,0.19,0.09,332.81,142.48,28.5,0.25,30.4,52.821199971231096
262,1601.05,0.21,0.15,350.51,221.78,44.36,0.38,30.12,98.23132115425574
263,1560.15,0.18,0.09,226.54,109.72,34.34,0.3,29.67,58.56316056535697
264,1540.4,0.15,0.1,215.5,201.49,40.81,0.35,30.44,85.49210702758872
265,1676.07,0.18,0.09,359.68,120.39,24.08,0.21,30.62,50.91577765417087
266,1587.15,0.19,0.08,318.54,108.73,23.74,0.21,30.11,42.42185939950072
267,1562.82,0.18,0.13,235.69,183.31,39.49,0.34,30.35,70.48412741458506
268,1643.81,0.2,0.12,294.15,183.85,39.97,0.35,29.93,91.01834533751494
269,1537.71,0.18,0.08,287.82,124.33,28.2,0.24,30.32,57.433464940983015
270,1595.51,0.21,0.11,281.8,164.02,32.8,0.28,30.31,65.0741257257748
271,1574.59,0.18,0.16,315.09,267.87,53.57,0.46,30.02,102.0481378748448
272,1562.34,0.22,0.11,320.69,230.49,47.18,0.41,30.42,101.06952311664567
273,1629.36,0.16,0.06,240.39,190.68,41.1,0.36,30.47,91.47718260007314
274,1514.71,0.2,0.09,271.35,80.67,21.98,0.19,29.88,42.0770490954495
275,1760.9,0.21,0.1,358.97,107.5,26.57,0.23,29.7,48.68957709222623
276,1538.27,0.22,0.06,342.7,66.81,19.2,0.17,29.74,39.60363104476688
277,1561.14,0.18,0.07,273.57,43.52,25.56,0.22,29.94,46.34318639772134
278,1524.19,0.21,0.1,304.7,180.83,36.78,0.32,30.15,79.77116010261472
279,1533.36,0.21,0.06,306.01,56.62,14.51,0.13,30.04,27.18002649517782
280,1592.2,0.17,0.16,294.57,256.8,51.36,0.44,30.42,110.71458049999373
281,1536.77,0.19,0.1,289.3,171.04,37.34,0.32,29.71,80.29616001222303
282,1718.28,0.23,0.04,482.37,33.85,14.88,0.13,30.15,28.248991808077697
283,1712.57,0.18,0.11,318.05,160.78,39.25,0.34,29.98,87.44803462845492
284,1636.82,0.24,0.09,415.18,77.35,18.81,0.16,30.07,36.918125110969655
285,1558.71,0.18,0.15,311.77,243.4,48.68,0.42,29.9,102.04767516008854
286,1643.76,0.22,0.08,344.0,149.7,32.19,0.28,29.53,66.71529736972819
287,1611.27,0.17,0.14,280.88,239.93,47.99,0.41,29.9,103.55513605755341
288,1675.3,0.17,0.17,298.22,279.09,55.82,0.48,29.56,122.40316858689926
289,1632.15,0.17,0.08,210.7,149.38,42.5,0.37,30.29,98.86089671820301
290,1631.14,0.18,0.13,256.73,220.52,44.1,0.38,30.3,88.65744580625528
291,1645.18,0.19,0.1,340.61,127.34,32.12,0.28,30.18,57.15143163384353
292,1498.19,0.23,0.1,329.37,152.91,30.85,0.27,29.63,59.41342721059111
293,1597.91,0.24,0.09,414.9,167.83,35.96,0.31,29.53,76.68151803397132
294,1672.29,0.08,0.12,188.36,245.67,49.44,0.43,29.88,89.36257514939985
295,1539.52,0.22,0.1,288.65,138.73,27.75,0.24,30.22,60.10370038730769
296,1585.13,0.19,0.1,316.38,108.67,23.23,0.2,30.64,51.73711818913686
297,1667.72,0.22,0.11,296.98,207.52,43.2,0.37,29.73,92.45383794630519
298,1520.93,0.17,0.11,240.29,151.49,30.3,0.26,29.57,60.37858825681044
299,1625.66,0.19,0.06,355.28,170.67,41.5,0.36,30.07,99.4299209246451
300,1570.66,0.18,0.12,250.5,161.45,33.43,0.29,29.88,72.08570363731705
301,1661.24,0.15,0.13,276.4,204.78,40.96,0.35,29.97,79.94496730852019
302,1479.78,0.18,0.08,292.91,67.66,25.01,0.22,30.11,46.03208007879467
303,1653.7,0.16,0.09,341.3,219.57,44.88,0.39,30.47,93.98139662844943
304,1726.46,0.18,0.1,316.73,195.12,39.84,0.34,29.6,87.82463329263457
305,1703.92,0.19,0.11,282.66,182.83,37.39,0.32,29.84,64.75633837120711
306,1536.2,0.22,0.12,325.25,193.57,39.02,0.34,30.54,80.26818800491878
307,1588.39,0.22,0.14,484.23,257.07,51.57,0.45,29.1,103.15445000359914
308,1633.39,0.15,0.06,287.6,140.98,29.36,0.25,29.97,64.50406353873953
309,1584.33,0.16,0.09,237.98,89.08,24.71,0.21,29.91,45.21189358954878
310,1662.15,0.19,0.09,277.39,136.85,27.37,0.24,29.73,53.57627829544982
311,1579.43,0.18,0.13,347.92,232.32,46.46,0.4,29.8,109.28868648535553
312,1613.44,0.18,0.15,250.3,278.62,57.3,0.5,29.73,125.36199805294632
313,1624.61,0.22,0.09,472.9,174.49,42.71,0.37,29.78,90.41442123613155
314,1662.1,0.2,0.12,321.5,188.37,37.67,0.33,29.77,66.83320008873392
315,1597.71,0.24,0.04,407.3,126.32,31.66,0.27,30.33,70.1201633723792
316,1609.53,0.19,0.13,322.0,198.17,39.63,0.34,29.98,77.53181011217418
317,1564.31,0.18,0.16,316.11,287.52,57.5,0.5,29.46,115.2236908112221
318,1610.78,0.22,0.08,407.21,129.86,26.39,0.23,30.62,54.949940881745135
319,1655.97,0.21,0.1,386.81,237.56,47.64,0.41,29.74,95.18029299159745
320,1577.31,0.19,0.11,289.87,147.88,36.3,0.31,30.22,73.00972546615674
321,1587.81,0.18,0.19,283.87,290.32,58.06,0.5,30.35,112.81575685791525
322,1629.68,0.17,0.12,258.32,188.18,38.15,0.33,29.9,76.1427455274502
323,1559.12,0.18,0.04,276.57,76.92,23.89,0.21,29.75,58.028558551506315
324,1666.5,0.19,0.12,340.21,198.71,39.74,0.34,30.43,76.14005704784225
325,1667.06,0.2,0.06,348.84,87.86,21.38,0.18,29.55,47.501390010737985
326,1546.96,0.18,0.04,261.79,80.81,21.95,0.19,30.04,51.421272423904284
327,1532.95,0.18,0.1,331.95,199.8,40.63,0.35,30.0,77.74966429784473
328,1523.62,0.21,0.11,373.32,225.3,47.08,0.41,29.77,107.14719943690633
329,1684.23,0.2,0.09,349.27,188.54,41.13,0.36,30.15,89.29998172239878
330,1702.88,0.16,0.1,295.84,129.81,29.79,0.26,29.92,64.31302401473914
331,1671.43,0.18,0.1,276.24,123.05,30.17,0.26,29.92,53.63503428509283
332,1588.29,0.18,0.05,250.56,51.37,16.8,0.15,30.27,39.988541108907306
333,1680.23,0.23,0.12,358.34,219.28,43.86,0.38,29.95,93.2627203025592
334,1685.91,0.19,0.16,317.5,237.83,47.57,0.41,29.97,98.00913479674901
335,1570.77,0.21,0.05,319.09,41.77,18.36,0.16,30.31,34.280168089979966
336,1548.39,0.15,0.13,210.15,157.55,31.51,0.27,30.02,67.49592334944617
337,1603.79,0.22,0.13,384.42,218.52,46.85,0.4,30.2,105.35724304490427
338,1651.74,0.24,0.06,349.32,116.89,28.1,0.24,29.41,51.2650383611464
339,1544.91,0.26,0.09,452.61,179.24,35.85,0.31,29.95,78.74277516478944
340,1655.54,0.25,0.09,437.6,70.67,19.47,0.17,30.03,39.09059172270291
341,1668.39,0.25,0.11,421.35,124.83,25.21,0.22,30.05,59.05638997463514
342,1687.53,0.22,0.11,276.59,124.31,39.34,0.34,29.65,68.61474956153077
343,1606.3,0.17,0.13,295.66,156.98,39.95,0.35,29.49,81.03733374658489
344,1643.08,0.23,0.11,400.15,223.71,45.32,0.39,30.21,92.68580773669538
345,1633.06,0.21,0.07,352.75,108.5,24.4,0.21,30.13,44.09621536868518
346,1657.3,0.2,0.08,327.16,139.26,33.99,0.29,30.24,58.539735374249275
347,1631.98,0.17,0.13,271.28,220.75,49.51,0.43,29.9,98.51434371837875
348,1636.9,0.18,0.07,301.19,89.62,24.01,0.21,29.63,43.10525487751657
349,1557.86,0.22,0.11,323.96,189.95,38.62,0.33,29.74,81.40405308283576
350,1488.45,0.2,0.08,246.5,105.65,23.19,0.2,30.54,41.13246828542778
351,1574.22,0.2,0.12,294.47,203.19,41.29,0.36,29.64,74.7883280851605
352,1658.78,0.19,0.14,294.33,183.7,38.04,0.33,30.02,78.35999185058088
353,1684.05,0.19,0.16,376.18,329.58,65.92,0.57,29.99,128.54373656756133
354,1615.61,0.19,0.12,293.33,209.06,44.76,0.39,29.66,90.58708898595665
355,1447.8,0.13,0.14,193.58,136.66,28.32,0.24,30.06,58.78504182783623
356,1594.53,0.19,0.13,285.62,165.19,33.6,0.29,29.72,66.22421666139734
357,1659.08,0.24,0.08,412.76,169.81,35.15,0.3,30.45,67.41339365652341
358,1615.74,0.22,0.07,332.6,130.88,29.03,0.25,30.17,58.031689732196426
359,1571.35,0.18,0.11,286.93,194.8,39.54,0.34,29.89,85.72994707346488
360,1473.9,0.2,0.13,303.21,107.36,27.32,0.24,30.54,53.43359539577441
361,1673.21,0.24,0.14,404.13,307.16,62.64,0.54,29.88,130.09131057718048
362,1639.4,0.2,0.05,357.92,99.3,27.39,0.24,29.66,61.300142756277424
363,1619.35,0.2,0.06,317.88,81.2,19.7,0.17,29.78,37.74643126743641
364,1689.86,0.2,0.13,337.55,274.43,55.22,0.48,29.94,106.81119064939215
365,1596.96,0.2,0.14,351.38,236.22,47.24,0.41,29.5,100.47242662155514
366,1626.84,0.22,0.1,474.47,108.55,24.93,0.22,30.26,45.21897824990944
367,1576.24,0.19,0.16,221.04,270.34,54.07,0.47,30.13,103.265411890557
368,1601.45,0.16,0.15,317.82,294.44,59.0,0.51,29.81,112.70932823758417
369,1571.45,0.14,0.15,257.17,184.97,40.66,0.35,30.17,87.45934081774072
370,1548.54,0.19,0.1,296.24,135.11,30.14,0.26,30.32,70.23335553574513
371,1629.91,0.22,0.1,344.64,198.37,46.56,0.4,29.88,84.9735227587096
372,1699.66,0.25,0.09,402.62,98.62,19.72,0.17,30.29,39.896762210668555
373,1675.26,0.24,0.13,405.41,219.72,45.32,0.39,29.96,89.32604089665236
374,1504.04,0.2,0.13,302.03,200.55,41.61,0.36,30.13,82.27661928269744
375,1527.01,0.18,0.12,311.14,176.12,35.22,0.3,30.04,66.94342577966981
376,1567.57,0.18,0.08,234.4,122.57,25.7,0.22,29.43,45.33401679276224
377,1622.97,0.18,0.05,333.35,103.37,24.28,0.21,30.7,58.03815106181392
378,1608.92,0.18,0.08,293.65,107.95,21.59,0.19,30.35,42.647415633865414
379,1652.87,0.22,0.1,473.5,189.84,38.63,0.33,30.13,82.80063852449491
380,1650.39,0.21,0.15,351.61,265.79,53.16,0.46,29.97,111.65759307150299
381,1657.53,0.24,0.14,408.36,179.6,37.46,0.32,30.48,83.91022316950443
382,1498.4,0.18,0.07,241.63,64.58,15.8,0.14,30.14,34.363977948444706
383,1647.02,0.17,0.11,275.18,102.06,27.06,0.23,30.03,56.81192781708822
384,1603.71,0.2,0.07,327.7,117.77,24.52,0.21,29.89,49.4777851625247
385,1683.2,0.21,0.12,379.28,125.79,30.77,0.27,30.22,58.20713244241768
386,1531.69,0.17,0.07,286.74,124.24,25.68,0.22,29.84,47.60409525682988
387,1612.59,0.21,0.09,358.3,116.35,28.21,0.24,29.93,63.63641893545272
388,1617.17,0.2,0.09,324.98,138.36,29.4,0.25,29.85,61.85742539319369
389,1534.12,0.22,0.11,331.02,228.31,45.86,0.4,30.4,105.06263456227342
390,1594.35,0.22,0.08,427.9,77.24,21.06,0.18,30.04,40.12131649856583
391,1556.82,0.2,0.06,251.35,140.52,35.91,0.31,30.27,59.95897570485017
392,1633.98,0.18,0.04,282.31,94.23,22.26,0.19,30.12,36.21455601750307
393,1690.42,0.21,0.08,301.14,206.83,42.95,0.37,30.23,84.74135936698245
394,1490.06,0.22,0.13,312.84,215.55,43.54,0.38,30.13,90.44495046980485
395,1709.83,0.2,0.1,285.41,126.04,29.63,0.26,30.46,56.31804952619286
396,1491.58,0.16,0.1,218.37,176.52,36.82,0.32,30.46,66.9291133906448
397,1724.43,0.22,0.09,374.95,166.98,35.78,0.31,30.19,73.88017485417903
398,1521.76,0.19,0.13,251.67,200.22,44.22,0.38,29.74,94.23774298430405
399,1671.34,0.14,0.19,224.89,306.82,61.36,0.53,30.44,122.04001232990575
400,1663.54,0.18,0.06,290.35,156.44,32.37,0.28,30.23,71.08417406943983
401,1551.07,0.22,0.13,345.03,171.97,34.39,0.3,29.82,64.92087045024722
402,1566.74,0.2,0.18,392.0,328.39,66.52,0.57,30.79,152.9163533615062
403,1646.83,0.16,0.17,292.49,316.76,63.35,0.55,30.56,142.60466561869515
404,1526.15,0.22,0.08,286.43,96.28,26.15,0.23,29.8,47.01099945088107
405,1521.83,0.21,0.15,248.45,225.93,48.37,0.42,30.1,112.70604335282484
406,1655.12,0.16,0.04,245.74,-0.77,16.85,0.15,29.37,31.212418982564447
407,1549.37,0.2,0.13,296.45,212.61,45.2,0.39,30.02,107.53414309356944
408,1788.72,0.19,0.12,393.17,247.28,50.27,0.43,30.23,102.66340246634593
409,1660.27,0.26,0.11,399.23,241.24,50.31,0.43,29.79,112.68556201058473
410,1639.7,0.22,0.1,369.39,137.3,27.53,0.24,30.58,54.112211149884594
411,1695.11,0.2,0.11,378.78,209.29,44.96,0.39,29.99,101.28526856507658
412,1554.13,0.14,0.11,226.52,176.28,35.26,0.3,29.74,79.19546076839066
413,1542.71,0.18,0.1,285.23,181.87,36.37,0.31,30.47,70.90824406264925
414,1510.48,0.18,0.11,300.42,155.31,33.17,0.29,29.74,67.54229300620199
415,1666.18,0.2,0.03,327.17,-11.86,13.73,0.12,29.96,27.003823248962945
416,1641.73,0.2,0.1,312.83,146.67,29.33,0.25,29.94,65.91967881934683
417,1707.44,0.22,0.14,295.26,257.82,51.56,0.45,30.07,100.47440081383195
418,1615.95,0.19,0.12,360.47,210.01,42.0,0.36,29.63,81.67634433412633
419,1622.17,0.2,0.13,303.11,170.25,42.15,0.36,30.28,92.72877799543858
420,1711.94,0.22,0.09,368.86,156.55,32.48,0.28,30.23,71.62295431498256
421,1624.23,0.19,0.15,339.96,235.63,47.13,0.41,29.83,94.01713219114862
422,1700.99,0.22,0.09,384.12,168.62,34.42,0.3,29.9,61.76064360436128
423,1562.38,0.22,0.08,405.19,104.59,27.12,0.23,30.01,61.624313563467574
424,1669.85,0.16,0.15,297.99,184.45,40.05,0.35,30.06,79.78457217481653
425,1602.25,0.2,0.12,420.95,172.41,34.48,0.3,30.1,61.875713941432174
426,1534.13,0.25,0.11,300.69,246.08,50.45,0.44,30.32,112.67871899088172
427,1560.68,0.22,0.13,409.22,181.39,36.28,0.31,29.56,73.88411068963084
428,1501.06,0.18,0.09,272.41,176.9,37.44,0.32,30.1,80.46829753970056
429,1549.81,0.22,0.14,304.41,255.15,51.03,0.44,30.04,109.35553456374329
430,1647.14,0.25,0.12,402.4,257.11,51.89,0.45,29.89,105.32190359394218
431,1513.22,0.22,0.12,309.65,145.99,29.99,0.26,29.84,53.97261675769717
432,1711.04,0.15,0.15,253.04,227.86,47.15,0.41,29.97,101.020877232928
433,1615.07,0.22,0.14,307.23,210.86,42.41,0.37,29.91,86.52987387744159
434,1615.32,0.16,0.07,230.16,132.89,31.27,0.27,30.51,65.86938967201151
435,1651.64,0.19,0.08,326.33,87.91,24.4,0.21,29.87,44.21999813869179
436,1598.88,0.18,0.08,225.26,114.6,24.69,0.21,29.88,55.705757713137025
437,1536.5,0.18,0.12,277.76,170.64,34.13,0.29,30.07,63.39093902276415
438,1668.56,0.21,0.09,323.69,174.26,37.02,0.32,30.06,73.9003096299825
439,1777.69,0.2,0.15,383.01,252.32,50.46,0.44,29.57,106.68480636198336
440,1680.26,0.18,0.12,306.69,156.01,31.69,0.27,30.32,61.87030913351074
441,1670.53,0.19,0.15,311.44,262.28,52.46,0.45,29.87,110.49875122198762
442,1664.8,0.18,0.08,244.8,96.77,19.35,0.17,30.25,41.59151553319691
443,1559.21,0.19,0.14,243.51,194.58,39.76,0.34,29.92,86.63908813910032
444,1656.06,0.2,0.08,359.89,111.56,27.68,0.24,29.79,46.98425099435042
445,1615.55,0.17,0.09,256.34,194.9,40.68,0.35,29.9,94.53557581317715
446,1629.25,0.2,0.06,323.05,138.58,32.33,0.28,30.02,74.07192335700964
447,1614.96,0.22,0.13,337.4,206.99,41.75,0.36,30.16,82.22664916601332
448,1597.67,0.23,0.09,376.22,150.21,31.27,0.27,29.73,56.9653579752652
449,1656.94,0.18,0.1,329.45,153.05,33.88,0.29,29.75,62.62649880065833
450,1565.63,0.17,0.07,261.61,48.66,19.07,0.16,29.48,35.23242570067561
451,1609.75,0.19,0.1,313.45,131.5,34.57,0.3,30.07,60.49462715241246
452,1560.91,0.21,0.09,314.46,87.44,20.62,0.18,30.04,49.18897555253731
453,1565.02,0.18,0.14,299.99,248.25,51.08,0.44,29.94,107.08911514655588
454,1583.68,0.17,0.11,284.92,175.1,35.33,0.31,29.57,71.22606595638102
455,1657.05,0.18,0.15,267.69,209.71,42.28,0.37,29.89,92.97330819431127
456,1712.7,0.16,0.08,240.07,174.1,36.17,0.31,30.32,68.96663540777344
457,1540.14,0.19,0.09,261.34,156.86,32.22,0.28,30.25,64.25089279782816
458,1553.97,0.17,0.11,259.92,178.21,35.64,0.31,30.01,72.90738019757862
459,1782.31,0.23,0.08,431.25,88.8,26.11,0.23,29.9,55.55297945701176
460,1641.44,0.25,0.04,407.44,68.9,22.7,0.2,29.78,41.578723101797756
461,1658.62,0.24,0.12,368.93,189.63,40.01,0.35,29.76,83.34538451137078
462,1640.85,0.17,0.07,281.51,113.91,24.33,0.21,29.53,47.438004377601
463,1530.67,0.22,0.15,282.81,227.73,46.28,0.4,30.09,91.62252957597998
464,1552.09,0.16,0.09,265.22,145.85,32.0,0.28,29.91,61.732071221703094
465,1622.4,0.25,0.09,377.65,199.37,40.46,0.35,30.5,84.74361776020979
466,1539.61,0.15,0.09,215.14,50.57,22.69,0.2,29.78,42.88552212023757
467,1620.07,0.21,0.12,418.26,211.53,45.66,0.39,29.83,99.31910785272747
468,1550.88,0.14,0.14,278.67,225.98,45.2,0.39,29.47,83.44163378195599
469,1696.12,0.24,0.09,432.45,129.03,25.81,0.22,30.02,63.02917685776224
470,1722.54,0.16,0.1,292.44,212.11,43.38,0.37,29.86,101.4541393235748
471,1592.21,0.17,0.11,298.41,92.04,21.78,0.19,29.65,41.32989410237897
472,1477.03,0.22,0.13,403.95,247.18,51.32,0.44,30.02,106.36371578542901
473,1704.41,0.2,0.14,259.46,244.78,52.34,0.45,30.12,117.70626794550125
474,1460.3,0.2,0.07,250.47,139.75,28.24,0.24,30.13,64.3871920832965
475,1584.96,0.17,0.11,249.71,104.68,25.99,0.22,30.25,50.8201195541542
476,1660.74,0.2,0.1,285.06,166.56,33.31,0.29,30.45,72.85523833546728
477,1642.61,0.17,0.16,341.41,323.93,64.79,0.56,30.28,135.21781244902894
478,1637.18,0.24,0.01,339.1,20.81,18.29,0.16,30.23,32.18935042319155
479,1482.67,0.24,0.09,372.96,125.99,27.55,0.24,29.99,59.27574864851173
480,1471.03,0.19,0.08,299.01,146.94,29.39,0.25,29.96,64.4254194965499
481,1709.08,0.2,0.1,316.68,198.8,45.4,0.39,29.61,97.94300178095466
482,1670.6,0.22,0.11,359.84,212.8,42.56,0.37,30.02,87.51813747820076
483,1630.2,0.17,0.16,317.94,216.09,44.19,0.38,29.86,94.20438457866493
484,1614.6,0.25,0.06,381.62,94.53,24.99,0.22,30.23,47.61935608822478
485,1536.43,0.14,0.16,186.56,269.23,53.85,0.47,29.77,110.13203225551
486,1570.56,0.2,0.14,341.69,293.62,59.42,0.51,30.08,134.7208364045131
487,1525.27,0.12,0.11,217.81,186.73,40.12,0.35,30.23,81.41623591925472
488,1547.49,0.25,0.12,416.81,202.16,40.43,0.35,30.01,91.27747866735632
489,1625.75,0.17,0.1,257.88,189.59,39.57,0.34,30.26,83.09615435816013
490,1652.97,0.22,0.06,389.08,118.4,25.15,0.22,30.04,47.34734991883068
491,1612.05,0.17,0.05,248.96,91.8,20.32,0.18,29.55,44.12749380470121
492,1587.86,0.23,0.11,368.18,115.65,23.13,0.2,29.97,45.645548774485356
493,1575.0,0.19,0.07,268.45,113.08,25.68,0.22,29.76,43.67267567318013
494,1617.65,0.22,0.1,323.37,152.2,31.68,0.27,30.14,64.92199747600874
495,1619.47,0.18,0.12,314.21,154.77,32.79,0.28,29.94,64.75327402101775
496,1692.06,0.18,0.09,326.44,188.01,38.84,0.34,29.78,83.01705536266641
497,1644.19,0.25,0.08,440.05,129.83,25.97,0.22,29.71,50.62892231013837
498,1511.71,0.23,0.11,296.5,134.35,32.32,0.28,29.77,55.512297259365845
499,1591.18,0.21,0.06,364.09,118.49,27.17,0.23,29.71,55.42432391762088
500,1516.61,0.2,0.08,319.58,95.13,25.12,0.22,29.52,51.47238143782887
501,1650.69,0.19,0.12,320.15,243.9,50.62,0.44,30.07,100.48828844364346
502,1619.43,0.16,0.13,241.85,200.93,40.19,0.35,30.55,78.63159214850987
503,1546.58,0.2,0.07,331.88,97.22,23.8,0.21,30.19,41.28682723546673
504,1693.14,0.23,0.12,396.81,233.78,47.79,0.41,30.07,96.23351632592602
505,1602.13,0.18,0.09,329.36,160.5,35.62,0.31,29.87,82.71742415177943
506,1502.22,0.17,0.12,231.51,202.54,43.83,0.38,30.36,88.29103370101096
507,1577.41,0.23,0.12,418.98,167.73,33.98,0.29,29.73,74.07829181008096
508,1571.33,0.16,0.17,176.77,277.69,55.54,0.48,29.99,111.1127367691196
509,1678.19,0.25,0.11,400.98,257.85,52.21,0.45,29.9,106.84832298182488
510,1707.55,0.21,0.1,284.62,150.31,30.06,0.26,30.3,57.57819386296525
511,1638.81,0.18,0.1,317.44,204.2,49.13,0.42,30.06,109.99335406291792
512,1521.84,0.22,0.04,312.9,85.93,18.49,0.16,29.83,34.10011056395036
513,1605.84,0.19,0.11,394.69,122.1,24.42,0.21,29.97,45.62981743699055
514,1510.84,0.2,0.09,316.13,122.11,29.06,0.25,30.03,65.69754402167094
515,1533.87,0.16,0.06,238.6,78.52,21.44,0.19,30.2,49.81772339069575
516,1627.59,0.25,0.11,339.14,254.94,52.28,0.45,29.62,103.62443360048225
517,1463.14,0.16,0.15,249.29,223.63,44.73,0.39,29.69,93.87120868471729
518,1617.19,0.15,0.1,210.19,182.32,37.89,0.33,30.17,69.22783451005998
519,1580.69,0.14,0.12,234.72,206.77,43.31,0.37,29.77,93.37314071399967
520,1612.21,0.26,0.11,498.01,126.5,25.3,0.22,30.26,47.94666502996142
521,1641.5,0.16,0.08,318.67,172.6,34.52,0.3,29.73,67.08549269121279
522,1650.79,0.16,0.08,271.82,147.84,33.14,0.29,29.96,69.51781219444175
523,1629.59,0.26,0.06,388.74,120.41,25.41,0.22,30.23,47.83308881116928
524,1624.03,0.18,0.07,227.6,66.89,16.27,0.14,29.8,29.908321310724816
525,1663.68,0.18,0.13,251.64,220.14,44.97,0.39,30.31,87.4880497764913
526,1549.22,0.2,0.18,314.14,277.48,55.5,0.48,29.59,121.63681645638583
527,1644.07,0.22,0.11,375.53,150.61,30.6,0.26,30.01,73.43661002804423
528,1726.02,0.2,0.04,359.92,91.45,20.53,0.18,30.04,33.76815269212965
529,1644.85,0.19,0.08,364.56,152.66,33.04,0.29,30.41,62.19615630137833
530,1670.88,0.27,0.04,469.94,31.37,11.49,0.1,30.42,25.845595324931324
531,1716.03,0.23,0.09,424.05,156.53,32.21,0.28,29.72,63.13689683089686
532,1664.85,0.31,0.12,546.61,130.53,31.58,0.27,29.92,57.7830432085092
533,1636.93,0.21,0.13,383.99,185.75,37.15,0.32,30.16,67.28400202127584
534,1663.2,0.24,0.07,475.42,119.42,30.32,0.26,29.52,71.21868809024413
535,1662.14,0.18,0.16,327.14,290.03,58.01,0.5,29.92,132.8468897458402
536,1664.83,0.18,0.12,276.73,183.24,37.62,0.33,29.74,77.36605201106269
537,1587.8,0.22,0.17,414.89,297.32,59.46,0.51,30.0,141.33705468734365
538,1692.65,0.22,0.08,395.09,108.5,26.06,0.23,30.43,63.11901590461521
539,1528.11,0.23,0.09,362.62,131.17,26.23,0.23,29.88,46.12246243080459
540,1511.24,0.17,0.15,258.43,283.93,56.79,0.49,29.96,117.86697230756936
541,1414.19,0.16,0.16,220.29,158.5,31.7,0.27,30.14,63.93878556625098
542,1656.77,0.23,0.1,421.67,233.56,47.12,0.41,30.18,114.01718988369332
543,1624.82,0.22,0.1,293.83,184.55,39.53,0.34,30.17,71.93227623750624
544,1589.96,0.24,0.1,411.29,129.41,26.61,0.23,30.01,47.667834409928915
545,1687.9,0.2,0.12,313.19,206.41,41.87,0.36,30.02,74.73790964350133
546,1589.57,0.22,0.12,338.59,184.41,41.5,0.36,30.15,94.50278194898848
547,1699.08,0.2,0.14,286.3,201.47,40.29,0.35,29.92,76.31620201011643
548,1673.25,0.18,0.09,371.59,131.17,28.66,0.25,29.96,51.166837048384195
549,1513.25,0.16,0.19,203.8,362.33,72.47,0.63,30.03,156.09624236719372
550,1489.06,0.16,0.07,260.39,94.44,20.76,0.18,29.9,37.10720379817187
551,1544.11,0.24,0.1,436.04,147.89,33.96,0.29,30.37,58.014356099437435
552,1612.56,0.19,0.06,349.31,108.7,24.41,0.21,30.33,50.01028592735305
553,1476.74,0.19,0.09,298.08,111.49,25.54,0.22,30.4,46.31609370648474
554,1659.21,0.25,0.06,401.46,111.84,25.48,0.22,29.88,43.39406669317548
555,1607.14,0.15,0.12,159.14,181.1,36.22,0.31,30.28,77.74187278055005
556,1612.08,0.24,0.1,417.51,175.29,35.06,0.3,30.25,80.88399548197923
557,1591.04,0.18,0.15,230.01,228.06,45.61,0.39,29.66,90.4932982647278
558,1536.51,0.16,0.09,255.78,157.37,34.72,0.3,30.0,74.17556364406505
559,1568.24,0.25,0.15,396.17,258.49,53.62,0.46,29.82,116.6586472693701
560,1619.69,0.16,0.14,244.9,235.67,48.18,0.42,29.8,93.70291903654706
561,1433.75,0.22,0.08,314.97,163.92,34.4,0.3,29.52,69.8503298866187
562,1554.54,0.16,0.11,265.88,235.43,51.42,0.44,30.54,116.15888564447079
563,1630.23,0.2,0.09,350.16,116.51,23.77,0.21,30.27,45.36829573701632
564,1633.95,0.2,0.12,286.46,162.04,37.19,0.32,29.6,72.18712612562969
565,1599.05,0.21,0.07,347.2,92.24,23.81,0.21,29.5,41.984015788696745
566,1628.66,0.19,0.12,319.38,179.96,36.68,0.32,29.92,71.9994177762423
567,1779.01,0.22,0.1,338.08,204.38,41.84,0.36,29.66,101.26138001210768
568,1596.48,0.25,0.12,405.91,218.23,43.65,0.38,30.17,87.41908735848344
569,1613.78,0.22,0.12,355.85,149.37,29.87,0.26,29.78,56.24873670264009
570,1565.52,0.22,0.08,399.51,142.05,33.03,0.29,30.41,74.83427559984008
571,1515.58,0.23,0.06,402.23,125.08,31.84,0.28,29.82,63.53942360013036
572,1676.76,0.17,0.1,331.89,96.16,28.51,0.25,29.29,50.36453369210409
573,1638.23,0.18,0.11,357.69,177.5,39.32,0.34,30.09,82.20599917318728
574,1481.56,0.2,0.11,276.15,136.14,27.92,0.24,29.82,51.11369435603518
575,1558.7,0.18,0.15,286.55,215.7,44.23,0.38,29.93,94.33893562398536
576,1632.24,0.17,0.08,260.65,192.19,38.84,0.34,30.11,92.78420037262488
577,1542.31,0.17,0.11,265.34,201.25,41.79,0.36,30.54,82.54329711669114
578,1632.98,0.2,0.12,268.94,210.41,42.08,0.36,30.43,86.41427118608283
579,1527.72,0.25,0.11,342.58,187.09,37.6,0.32,30.03,80.24112031156083
580,1579.15,0.16,0.13,241.44,151.97,35.45,0.31,29.8,79.73709986554991
581,1604.63,0.26,0.15,427.58,261.67,52.59,0.45,30.23,93.18368606259409
582,1621.06,0.28,0.1,447.42,190.44,38.65,0.33,29.92,84.78232494773385
583,1551.78,0.24,0.18,387.98,329.37,66.32,0.57,30.48,130.53114219749455
584,1509.9,0.21,0.11,288.1,135.74,28.16,0.24,29.69,55.80814317995528
585,1599.2,0.24,0.07,395.32,129.06,27.16,0.23,29.63,57.26940752282003
586,1638.29,0.15,0.08,222.67,107.15,21.43,0.19,30.03,39.55587140041238
587,1568.38,0.25,0.11,347.66,193.87,38.97,0.34,29.82,72.3274476834662
588,1642.63,0.2,0.08,335.37,110.5,23.71,0.2,30.0,55.330932073095696
589,1688.16,0.25,0.09,409.31,143.54,32.0,0.28,29.63,56.14132889121483
590,1497.79,0.17,0.08,248.32,107.57,21.79,0.19,30.49,46.5475852011438
591,1618.82,0.19,0.1,373.31,211.89,43.97,0.38,29.99,96.51856760885657
592,1611.16,0.2,0.1,289.31,63.51,32.43,0.28,29.76,58.89332996021771
593,1536.62,0.21,0.07,295.82,150.84,34.73,0.3,30.32,77.31442057234072
594,1772.27,0.26,0.12,475.99,239.74,47.95,0.41,29.76,108.18239773486394
595,1629.68,0.21,0.13,335.57,198.41,40.86,0.35,29.66,81.05068288143157
596,1596.24,0.17,0.05,289.36,82.02,21.3,0.18,29.49,52.29288904243745
597,1609.69,0.23,0.06,402.07,112.72,23.93,0.21,30.06,48.230239731730876
598,1545.71,0.21,0.09,299.18,117.51,26.14,0.23,30.21,53.0353246595439
599,1675.42,0.18,0.11,282.04,178.55,38.04,0.33,30.23,71.77930508127226
600,1726.97,0.18,0.09,324.07,149.29,30.95,0.27,29.47,68.73560764298882
601,1607.65,0.21,0.05,297.5,76.52,21.48,0.19,30.29,42.180260785397984
602,1570.37,0.25,0.12,370.76,187.07,38.85,0.34,30.37,88.10491992739497
603,1650.19,0.24,0.1,340.48,235.23,48.5,0.42,30.14,100.10442803691973
604,1606.93,0.23,0.14,389.55,235.24,47.05,0.41,29.68,87.35366858355613
605,1671.65,0.24,0.09,378.95,145.2,36.78,0.32,29.55,78.65445476783518
606,1641.31,0.22,0.12,367.13,211.23,42.25,0.37,29.94,83.64851036909059
607,1522.81,0.15,0.11,229.8,167.32,35.7,0.31,29.94,77.43579650768335
608,1642.54,0.22,0.11,356.05,168.16,35.58,0.31,29.42,60.93648014975522
609,1578.34,0.21,0.09,295.05,176.82,35.72,0.31,29.77,60.61326833695153
610,1563.59,0.25,0.14,445.12,217.45,43.49,0.38,29.92,94.50950093783128
611,1595.05,0.17,0.11,268.09,224.59,45.59,0.39,30.04,93.40891662051477
612,1486.26,0.18,0.17,245.57,260.17,52.03,0.45,30.14,104.52252793604058
613,1609.77,0.26,0.14,343.9,282.08,56.87,0.49,29.83,117.61261478786828
614,1624.17,0.21,0.15,376.59,218.21,43.64,0.38,29.86,81.0378795308568
615,1519.7,0.24,0.11,354.45,215.61,44.22,0.38,29.73,79.36589498805527
616,1600.2,0.27,0.1,425.19,233.5,47.19,0.41,29.47,93.99511611378286
617,1622.29,0.22,0.13,389.43,225.21,45.15,0.39,30.21,78.61604029389115
618,1594.37,0.21,0.12,323.01,185.21,37.04,0.32,29.66,74.05562710021431
619,1744.11,0.1,0.12,144.1,158.37,41.26,0.36,29.85,89.0370810649066
620,1553.43,0.16,0.07,239.66,128.57,30.05,0.26,29.99,62.40272150133877
621,1573.07,0.2,0.12,280.56,251.82,50.85,0.44,30.44,101.26011117278004
622,1570.9,0.18,0.13,228.13,140.31,31.18,0.27,30.25,63.01144610740465
623,1578.21,0.21,0.16,380.8,224.82,44.96,0.39,29.81,86.73052384533459
624,1645.15,0.17,0.14,254.61,159.72,36.64,0.32,29.93,66.34816872893136
625,1576.3,0.19,0.09,270.86,133.55,27.32,0.24,29.88,50.06719896761465
626,1518.8,0.2,0.1,231.43,122.88,25.3,0.22,30.1,45.87251510653062
627,1604.54,0.19,0.11,312.47,194.41,39.72,0.34,30.15,72.93713665134564
628,1505.32,0.18,0.11,244.64,233.3,48.4,0.42,29.91,106.35132891724871
629,1655.58,0.17,0.07,290.54,141.13,31.3,0.27,30.3,54.9048986735671
630,1489.66,0.24,0.09,359.6,95.42,20.59,0.18,30.05,42.167198630646595
631,1645.29,0.18,0.09,231.19,201.27,42.25,0.37,29.41,86.83934759024653
632,1535.54,0.16,0.09,296.75,177.62,36.97,0.32,29.95,89.64994356451875
633,1549.78,0.22,0.07,365.14,126.05,27.17,0.23,30.61,54.61478476752131
634,1643.2,0.2,0.16,321.08,191.98,43.95,0.38,30.0,94.5565663371948
635,1824.26,0.17,0.1,184.52,190.1,38.95,0.34,29.58,76.02985736497071
636,1584.47,0.21,0.13,414.87,189.27,40.21,0.35,30.42,79.39284202755425
637,1525.12,0.23,0.08,357.4,142.99,28.66,0.25,29.6,50.908918018939
638,1634.38,0.24,0.08,447.88,157.13,33.74,0.29,29.71,65.85846341609364
639,1547.32,0.22,0.1,369.73,164.37,32.87,0.28,29.95,62.34598315380689
640,1670.75,0.22,0.09,395.6,188.3,41.32,0.36,30.14,69.12107359557771
641,1569.26,0.18,0.06,316.29,48.76,15.38,0.13,29.73,29.66760304304744
642,1576.37,0.18,0.13,295.05,184.89,36.98,0.32,30.0,70.82677995706919
643,1541.0,0.17,0.14,263.13,230.72,47.59,0.41,30.22,101.35295603106871
644,1598.36,0.22,0.12,313.84,231.18,46.36,0.4,29.61,95.60738335269563
645,1550.78,0.2,0.11,304.12,199.5,39.9,0.34,30.01,85.01729302234789
646,1574.26,0.17,0.14,271.67,210.56,42.11,0.36,30.26,78.40720672278003
647,1563.52,0.2,0.11,319.02,142.79,30.58,0.26,30.32,61.20767466309992
648,1657.44,0.18,0.1,248.37,164.46,33.0,0.29,30.41,69.18205247663764
649,1526.24,0.19,0.13,270.6,166.26,33.25,0.29,29.89,76.69682758634572
650,1759.11,0.22,0.07,398.43,135.9,30.1,0.26,29.95,61.88713478094919
651,1545.6,0.18,0.09,346.13,95.07,28.68,0.25,30.16,54.579916512779675
652,1686.04,0.16,0.09,337.52,209.58,42.87,0.37,30.07,99.68747051513763
653,1554.11,0.12,0.08,186.24,222.62,46.82,0.4,29.78,97.22750407277134
654,1714.03,0.17,0.12,261.07,220.16,44.22,0.38,30.0,81.53050169184215
655,1708.18,0.24,0.08,411.17,118.36,24.01,0.21,30.47,43.51276936895549
656,1578.88,0.19,0.08,266.49,117.71,24.55,0.21,29.61,49.74286332571167
657,1601.53,0.15,0.08,211.71,144.56,31.4,0.27,30.86,56.36815394164291
658,1599.02,0.25,0.1,393.78,176.67,35.33,0.31,29.96,79.81577376057727
659,1531.7,0.17,0.1,191.76,110.85,22.17,0.19,29.81,45.78518753112488
660,1723.92,0.24,0.06,426.95,81.4,24.7,0.21,30.26,54.2074735845645
661,1543.49,0.2,0.02,345.1,27.92,11.92,0.1,29.96,30.6272405730993
662,1546.23,0.14,0.06,202.17,89.0,20.47,0.18,30.73,39.74479273424811
663,1534.69,0.19,0.1,313.06,145.02,30.85,0.27,30.18,66.21574759679976
664,1542.49,0.22,0.12,289.74,165.85,33.17,0.29,29.8,67.50836976476292
665,1480.67,0.22,0.11,327.22,128.49,28.49,0.25,30.33,55.60716233931627
666,1539.86,0.21,0.07,337.99,172.52,38.25,0.33,30.14,65.13204566352199
667,1619.96,0.2,0.12,304.96,165.82,34.21,0.3,29.75,66.06796420004603
668,1617.93,0.15,0.08,234.95,88.99,20.31,0.18,29.73,39.421086244787716
669,1581.93,0.24,0.1,364.86,166.05,34.07,0.29,30.06,62.696607993996366
670,1519.01,0.26,0.1,452.45,235.93,48.24,0.42,30.22,107.87437272518298
671,1572.04,0.17,0.13,311.08,201.11,40.22,0.35,30.12,78.77194434047253
672,1736.39,0.21,0.09,364.04,158.43,34.68,0.3,30.02,69.11993398577846
673,1531.32,0.19,0.07,269.75,130.38,28.08,0.24,29.46,48.65256352072733
674,1580.26,0.16,0.12,230.16,177.51,35.7,0.31,30.2,70.66832890922419
675,1620.34,0.22,0.1,322.89,172.59,34.52,0.3,30.5,70.86369867274482
676,1551.91,0.19,0.06,253.17,49.76,18.53,0.16,29.91,33.71836097089937
677,1564.82,0.25,0.07,399.36,173.35,38.91,0.34,29.67,67.53796243038832
678,1647.99,0.19,0.11,300.2,189.23,37.85,0.33,29.57,77.24541039998309
679,1537.38,0.14,0.07,194.86,86.44,19.78,0.17,29.92,36.47028449134239
680,1560.34,0.2,0.14,351.43,229.59,46.24,0.4,30.1,92.07318710836392
681,1524.12,0.2,0.08,321.24,144.36,31.89,0.28,30.03,61.71486648710469
682,1608.57,0.26,0.11,372.4,153.16,37.84,0.33,29.98,76.96827221310548
683,1696.97,0.22,0.12,398.15,112.53,28.12,0.24,30.28,52.83607089003595
684,1624.91,0.2,0.08,310.5,165.12,35.1,0.3,29.91,72.65089982296371
685,1730.62,0.17,0.11,265.75,152.83,30.57,0.26,29.85,64.9847510424234
686,1639.73,0.14,0.09,185.41,224.5,47.47,0.41,30.44,101.62442161962025
687,1631.88,0.25,0.11,386.88,225.53,45.11,0.39,30.46,98.64667425605104
688,1644.94,0.18,0.06,343.85,140.67,29.18,0.25,29.9,66.69528947283645
689,1535.55,0.15,0.08,263.61,129.19,27.89,0.24,29.85,50.83351832644478
690,1700.55,0.13,0.13,192.2,245.01,49.0,0.42,29.66,107.05663592246471
691,1646.66,0.13,0.04,197.87,70.09,20.18,0.17,30.32,35.84182390973975
692,1686.0,0.14,0.11,267.81,199.12,41.75,0.36,29.78,77.49194480792802
693,1657.05,0.21,0.08,306.28,115.43,24.34,0.21,29.91,49.14210885003226
694,1586.57,0.22,0.12,342.48,175.8,35.16,0.3,30.32,70.66876979906675
695,1652.57,0.19,0.08,334.24,80.41,17.21,0.15,30.02,35.39538917612384
696,1713.03,0.15,0.08,271.38,136.44,28.43,0.25,29.91,59.65411914116452
697,1660.62,0.22,0.13,354.86,210.9,42.4,0.37,30.17,89.94371463118371
698,1602.33,0.19,0.15,261.06,230.25,47.53,0.41,29.51,102.0150143339784
699,1607.52,0.16,0.06,255.56,77.21,24.64,0.21,30.05,59.84418836476098
700,1693.85,0.15,0.07,239.73,144.32,32.32,0.28,29.96,65.75448414962818
701,1645.15,0.2,0.12,277.95,215.29,43.49,0.38,29.87,93.29227058772824
702,1617.03,0.2,0.06,271.85,104.81,23.7,0.2,29.64,46.26164196636263
703,1658.61,0.22,0.1,336.75,164.96,33.24,0.29,30.39,68.77102994062528
704,1699.32,0.18,0.06,377.88,45.69,19.69,0.17,29.85,44.62420827495815
705,1544.83,0.22,0.09,236.68,125.08,25.02,0.22,30.43,50.37315958910143
706,1652.85,0.23,0.08,420.74,142.44,29.02,0.25,29.86,58.06818949187978
707,1718.84,0.22,0.08,380.68,211.64,43.34,0.37,30.0,86.84988318375544
708,1598.57,0.23,0.1,365.16,123.16,24.63,0.21,29.7,47.85747342360271
709,1673.17,0.23,0.02,379.3,52.3,13.28,0.11,30.64,24.49352156415739
710,1614.12,0.2,0.06,383.13,109.12,27.03,0.23,29.68,55.45553822465365
711,1640.03,0.18,0.06,323.67,83.26,24.14,0.21,29.5,41.37162019931459
712,1641.65,0.2,0.06,376.26,80.32,34.87,0.3,30.14,59.239469507573745
713,1610.57,0.2,0.15,212.63,285.38,57.52,0.5,30.35,123.4679772234064
714,1630.48,0.19,0.11,269.23,154.1,34.73,0.3,30.17,61.53397425908299
715,1622.07,0.21,0.06,352.28,119.04,26.89,0.23,30.44,48.100486227312246
716,1657.93,0.18,0.11,332.96,198.83,44.88,0.39,29.51,100.09216774773205
717,1625.61,0.17,0.1,203.77,134.93,29.82,0.26,30.38,53.5259908128636
718,1768.57,0.22,0.09,411.85,173.81,38.97,0.34,29.96,75.8459644231927
719,1549.94,0.17,0.07,267.81,87.33,17.76,0.15,29.86,33.478718558483386
720,1593.58,0.12,0.11,214.05,210.1,43.09,0.37,29.83,76.62902493728468
721,1692.45,0.22,0.07,393.37,146.17,30.24,0.26,29.87,63.595561925233326
722,1549.1,0.22,0.07,281.66,94.95,23.32,0.2,30.18,44.95490015828597
723,1644.92,0.2,0.12,347.82,184.37,36.87,0.32,29.96,69.46329705245266
724,1573.44,0.19,0.06,324.07,82.63,17.45,0.15,29.88,32.22308844586161
725,1689.38,0.14,0.09,246.58,174.19,36.85,0.32,30.35,75.68696645346088
726,1747.14,0.22,0.08,361.59,102.24,25.22,0.22,29.94,53.4197856383126
727,1663.08,0.23,0.13,349.56,139.21,27.84,0.24,30.08,55.84878850596224
728,1559.84,0.19,0.1,277.95,131.93,30.88,0.27,30.23,67.44584727901274
729,1628.17,0.18,0.06,280.48,147.06,32.5,0.28,30.26,70.78065942022978
730,1624.85,0.22,0.12,352.21,231.43,46.41,0.4,30.28,89.78396090455882
731,1538.23,0.23,0.1,368.95,155.4,33.56,0.29,29.78,73.76012122988158
732,1669.23,0.16,0.08,315.92,113.99,22.8,0.2,29.73,40.27982714220464
733,1619.38,0.18,0.07,324.85,160.21,38.34,0.33,29.93,82.44216024685754
734,1639.98,0.22,0.1,394.05,200.07,40.31,0.35,29.47,78.48019029013736
735,1631.88,0.2,0.12,334.55,155.24,31.74,0.27,29.78,61.28696189745461
736,1601.06,0.15,0.03,182.82,27.66,17.21,0.15,30.31,35.74370003737844
737,1659.44,0.18,0.07,330.07,116.64,27.81,0.24,30.55,57.511915686856625
738,1779.41,0.24,0.09,452.23,148.75,31.75,0.27,29.93,68.82489577331674
739,1622.69,0.17,0.13,411.57,216.54,44.57,0.39,30.46,78.79433278703368
740,1511.88,0.21,0.12,328.79,177.68,38.04,0.33,29.63,69.00665101894491
741,1722.38,0.23,0.1,360.21,203.58,42.92,0.37,30.06,85.58143633142313
742,1636.78,0.21,0.12,357.36,203.99,40.8,0.35,30.11,76.86481483465178
743,1636.85,0.22,0.1,372.05,223.11,45.43,0.39,30.02,86.45676892635645
744,1641.7,0.14,0.1,337.8,107.84,28.4,0.25,30.06,56.56620320130761
745,1661.16,0.19,0.12,351.48,229.27,48.25,0.42,30.4,114.93903273421492
746,1708.8,0.23,0.14,364.35,201.29,40.26,0.35,30.21,87.59716553470193
747,1540.85,0.2,0.07,329.71,91.45,18.6,0.16,30.05,34.484517878717234
748,1725.35,0.17,0.12,274.03,192.0,38.4,0.33,30.01,87.23646566671982
749,1604.62,0.25,0.11,454.53,127.94,25.59,0.22,30.09,55.530168710768734
750,1628.49,0.25,0.11,381.16,95.86,27.91,0.24,29.97,53.36924449629577
751,1601.38,0.17,0.17,257.28,269.75,53.95,0.47,29.47,109.09193649656488
752,1659.42,0.21,0.09,303.87,215.37,43.93,0.38,29.89,89.38964168025902
753,1584.26,0.2,0.09,297.98,102.14,25.29,0.22,29.77,45.60385692581569
754,1609.65,0.23,0.15,401.19,245.54,53.21,0.46,29.88,110.36179541671045
755,1629.15,0.17,0.13,309.25,258.83,52.31,0.45,30.21,104.07858273344178
756,1637.04,0.18,0.1,294.61,153.28,30.66,0.26,30.14,60.007127548283016
757,1600.85,0.2,0.08,272.43,188.84,39.0,0.34,29.68,85.8245187108476
758,1613.05,0.23,0.14,376.67,243.99,48.8,0.42,30.34,106.22012880096898
759,1774.36,0.19,0.06,299.14,56.13,20.32,0.18,29.81,36.33753337830729
760,1678.27,0.21,0.09,404.69,98.45,26.81,0.23,29.79,48.02603406738207
761,1584.36,0.2,0.05,300.26,114.42,26.31,0.23,29.92,43.2605985907986
762,1609.16,0.19,0.13,315.91,235.7,47.14,0.41,29.93,98.00078180973799
763,1597.84,0.18,0.13,321.01,248.23,50.3,0.43,30.28,109.28685061545207
764,1616.47,0.17,0.09,313.28,184.77,37.8,0.33,29.83,75.94424101643553
765,1643.96,0.19,0.04,327.44,109.24,24.11,0.21,30.44,47.30581995070054
766,1581.07,0.27,0.08,438.34,61.79,22.58,0.2,29.68,53.61420931334717
767,1584.39,0.17,0.12,214.33,94.34,22.24,0.19,30.28,44.93579203782529
768,1694.86,0.22,0.18,345.02,253.06,53.37,0.46,29.74,103.39224162016792
769,1605.47,0.18,0.12,260.64,182.35,37.35,0.32,29.68,76.10710056608652
770,1723.94,0.19,0.06,396.25,103.63,28.47,0.25,30.28,58.28871818624533
771,1676.98,0.22,0.09,328.3,178.91,35.92,0.31,29.8,73.99312121844355
772,1559.51,0.25,0.11,316.03,179.34,35.87,0.31,29.86,72.25716800802074
773,1705.17,0.24,0.11,393.66,141.54,29.45,0.25,29.67,53.76830005212024
774,1612.42,0.2,0.08,296.05,173.88,36.18,0.31,29.92,77.89253905163594
775,1723.67,0.26,0.08,429.81,147.46,30.04,0.26,29.97,58.19897235299446
776,1649.66,0.17,0.13,280.05,207.45,41.49,0.36,29.39,81.58408290023938
777,1643.8,0.21,0.08,363.74,218.33,45.55,0.39,30.58,99.06157397785259
778,1557.97,0.2,0.08,271.75,154.95,32.43,0.28,30.13,58.54306923635441
779,1727.99,0.15,0.06,261.44,128.82,26.57,0.23,29.97,54.43670328650587
780,1642.15,0.2,0.07,303.17,76.79,18.6,0.16,29.66,32.83440515208614
781,1682.55,0.2,0.08,286.25,161.01,39.59,0.34,30.0,66.23251945775291
782,1620.51,0.25,0.08,401.64,122.98,24.92,0.22,29.83,48.86266964373698
783,1514.09,0.19,0.13,249.98,223.52,44.7,0.39,29.32,95.85693154135654
784,1672.84,0.21,0.08,393.28,108.17,25.22,0.22,30.04,45.007189040151985
785,1690.81,0.23,0.05,389.35,58.3,13.34,0.12,29.83,24.271996651184864
786,1654.21,0.2,0.06,282.18,66.87,19.37,0.17,29.91,36.49301074090616
787,1623.41,0.19,0.15,341.34,234.48,46.9,0.41,30.1,104.4067236005705
788,1643.0,0.2,0.07,312.42,99.42,28.8,0.25,30.19,50.34795990776473
789,1687.28,0.18,0.11,316.37,148.84,32.7,0.28,30.32,58.94044192440007
790,1485.6,0.23,0.13,322.22,167.17,33.88,0.29,29.9,62.02474919767881
791,1602.16,0.2,0.1,366.9,130.16,33.73,0.29,29.49,59.03816239646877
792,1598.56,0.23,0.0,429.32,3.94,8.55,0.07,29.77,14.345857186753125
793,1741.33,0.16,0.09,282.33,100.86,33.98,0.29,30.12,78.86067046921946
794,1548.54,0.23,0.07,388.29,47.89,15.2,0.13,29.71,35.093471483094035
795,1663.0,0.17,0.07,253.29,91.41,22.99,0.2,29.84,50.264198478776834
796,1663.03,0.19,0.11,285.46,186.86,39.93,0.35,29.99,68.02053817981579
797,1577.62,0.25,0.08,378.33,173.78,36.06,0.31,30.32,71.65526478708753
798,1639.83,0.21,0.08,307.47,137.69,27.54,0.24,30.44,61.31816686559024
799,1521.16,0.22,0.11,379.46,135.98,30.89,0.27,29.69,54.91575640871771
800,1527.28,0.2,0.07,265.17,130.47,28.29,0.24,29.88,63.86576541550214
801,1615.3,0.16,0.09,231.76,124.16,29.06,0.25,30.36,51.31766086122141
802,1566.7,0.18,0.07,244.28,112.4,26.66,0.23,29.69,61.98157848444819
803,1645.88,0.18,0.17,274.41,269.24,54.1,0.47,29.67,108.3561405015107
804,1687.65,0.23,0.06,365.33,67.7,18.65,0.16,29.74,39.75491100692129
805,1621.97,0.17,0.09,321.16,181.03,38.66,0.33,29.98,87.75077091251615
806,1653.73,0.17,0.07,221.4,67.36,28.34,0.24,29.8,66.62802945493253
807,1618.27,0.22,0.08,332.08,60.46,22.19,0.19,29.69,53.383580406540865
808,1572.02,0.13,0.11,187.17,133.11,26.96,0.23,30.18,53.13496763229373
809,1478.33,0.21,0.11,308.91,170.27,34.13,0.29,30.8,63.24992025135907
810,1642.32,0.19,0.09,317.35,212.79,43.72,0.38,30.22,102.25754607380685
811,1579.81,0.19,0.11,272.62,153.49,30.7,0.27,30.25,55.40341653693443
812,1481.68,0.21,0.09,282.32,125.45,26.37,0.23,30.28,60.275238219276375
813,1601.15,0.19,0.09,340.46,179.58,36.25,0.31,29.98,62.95683755424392
814,1579.35,0.22,0.12,311.22,177.42,43.69,0.38,29.95,90.56927708359184
815,1606.11,0.17,0.04,283.78,53.53,20.37,0.18,29.92,35.56350040393361
816,1619.98,0.18,0.09,239.04,99.57,28.49,0.25,30.65,58.667450575863064
817,1677.64,0.22,0.1,385.66,145.23,29.05,0.25,29.77,71.43301476339275
818,1664.53,0.2,0.1,312.79,147.69,33.98,0.29,29.9,65.44492342299046
819,1664.7,0.24,0.09,391.4,151.95,31.3,0.27,29.79,56.09893379691292
820,1559.46,0.21,0.14,332.56,252.52,50.5,0.44,30.55,95.92645934237403
821,1601.01,0.19,0.06,285.95,69.6,15.96,0.14,29.74,29.792487327328693
822,1507.36,0.16,0.12,256.9,221.9,44.38,0.38,30.06,88.77324857107942
823,1609.31,0.22,0.09,382.7,157.58,31.52,0.27,29.81,62.851554090577054
824,1583.62,0.22,0.16,319.05,252.11,50.42,0.44,30.19,94.97986528437126
825,1705.62,0.16,0.06,350.07,95.49,27.56,0.24,29.48,51.76887647955115
826,1560.78,0.2,0.14,309.75,167.54,33.51,0.29,29.72,65.33685336644173
827,1701.37,0.2,0.06,369.16,95.67,23.29,0.2,30.49,48.11973923697414
828,1735.93,0.19,0.05,309.9,69.43,17.85,0.15,29.94,31.78178069711475
829,1633.0,0.15,0.08,251.17,180.16,38.19,0.33,30.05,75.52787098312409
830,1608.82,0.17,0.18,272.98,318.38,63.78,0.55,30.13,124.71753539174354
831,1676.05,0.2,0.15,370.11,226.21,46.33,0.4,30.26,93.39895566940685
832,1594.85,0.17,0.12,275.08,172.78,39.95,0.35,30.24,70.36755459778077
833,1665.99,0.2,0.07,296.77,130.37,31.93,0.28,30.36,73.15199306528832
834,1727.76,0.23,0.11,402.33,132.89,26.58,0.23,30.34,50.58482391663631
835,1586.97,0.17,0.08,281.21,109.46,21.89,0.19,29.99,47.826449969618665
836,1548.12,0.2,0.11,305.14,158.4,31.68,0.27,30.08,70.40416889210121
837,1598.79,0.14,0.09,226.22,157.63,31.53,0.27,30.41,57.37486426145599
838,1578.47,0.16,0.13,188.38,219.21,44.27,0.38,29.94,89.30175538584044
839,1554.91,0.19,0.08,306.09,151.97,30.39,0.26,30.09,60.108614739148884
840,1731.1,0.19,0.1,361.98,257.24,51.64,0.45,30.0,109.1671682998522
841,1544.89,0.18,0.07,273.17,140.41,29.16,0.25,29.6,52.06327410783521
842,1682.15,0.16,0.09,229.76,221.97,44.94,0.39,30.1,102.92900869732745
843,1571.0,0.23,0.08,366.07,154.28,38.93,0.34,30.47,91.5094200965337
844,1507.05,0.21,0.13,289.23,258.12,51.62,0.45,30.14,101.37844927816245
845,1648.44,0.23,0.05,392.81,40.33,14.75,0.13,29.83,27.655857735371043
846,1652.11,0.22,0.1,353.76,178.94,38.62,0.33,29.76,83.7957810242013
847,1719.39,0.12,0.09,194.34,130.0,26.0,0.22,30.03,50.764992040360994
848,1567.82,0.18,0.03,285.27,80.23,18.85,0.16,29.83,38.1053368670263
849,1647.53,0.24,0.08,401.39,101.36,25.99,0.22,29.7,45.99306431168249
850,1552.49,0.23,0.09,303.95,223.1,46.83,0.4,29.88,101.2759470893419
851,1703.43,0.19,0.14,319.65,200.23,40.05,0.35,30.2,81.21712874538491
852,1590.03,0.18,0.07,285.2,81.03,25.05,0.22,30.32,44.92793787075497
853,1539.85,0.21,0.09,373.98,94.51,21.41,0.19,29.98,45.95582899326912
854,1664.03,0.15,0.12,193.85,166.79,33.84,0.29,30.2,68.50064677347841
855,1610.8,0.17,0.08,241.06,188.37,40.0,0.35,29.62,69.7308008905367
856,1679.2,0.24,0.14,406.16,243.87,48.77,0.42,30.34,106.2254594860438
857,1451.03,0.25,0.14,385.83,213.15,42.63,0.37,29.82,81.4427947115635
858,1667.71,0.21,0.12,436.09,234.47,48.04,0.42,29.72,104.15125846940563
859,1554.48,0.19,0.14,325.5,259.59,52.53,0.45,29.27,114.37469221315489
860,1554.29,0.14,0.15,245.64,209.2,41.84,0.36,30.03,82.89540398748753
861,1617.91,0.16,0.12,217.25,213.24,43.08,0.37,29.9,84.28857450799136
862,1653.22,0.22,0.13,409.91,161.96,46.99,0.41,30.26,82.15431448916038
863,1663.76,0.18,0.16,270.36,265.9,54.13,0.47,30.35,114.02118703084672
864,1665.28,0.19,0.08,312.69,208.05,43.82,0.38,30.0,81.62154912222199
865,1517.82,0.22,0.11,414.58,131.39,29.82,0.26,29.91,62.48644180382641
866,1721.73,0.22,0.09,345.43,47.3,18.14,0.16,30.06,36.613050189406906
867,1668.58,0.13,0.04,199.46,68.74,17.98,0.16,29.34,39.58570741552348
868,1615.44,0.25,0.1,493.86,155.58,35.62,0.31,29.96,75.89627256921679
869,1698.68,0.13,0.06,247.94,88.49,27.76,0.24,29.81,47.822327687651104
870,1718.55,0.23,0.05,428.78,48.77,12.14,0.1,29.6,24.555196957101472
871,1712.06,0.2,0.1,386.92,163.05,34.31,0.3,30.31,60.15512552252464
872,1577.57,0.16,0.13,276.81,220.69,46.28,0.4,30.1,98.89921751236753
873,1647.35,0.19,0.07,299.01,49.53,19.8,0.17,30.36,36.16300153812076
874,1678.17,0.2,0.13,342.77,199.21,39.84,0.34,29.52,74.30415435809965
875,1577.31,0.24,0.05,376.17,87.23,21.96,0.19,29.97,40.73665649651312
876,1555.81,0.25,0.17,349.67,243.11,48.62,0.42,30.18,99.53949669029454
877,1550.09,0.19,0.12,236.9,227.08,46.87,0.41,29.66,87.79558702291494
878,1589.08,0.21,0.08,331.31,167.41,35.87,0.31,29.58,81.17524951928303
879,1587.18,0.2,0.1,296.84,209.52,42.09,0.36,29.89,81.7594763315362
880,1487.71,0.21,0.06,337.0,107.95,24.05,0.21,30.17,49.515783278979754
881,1545.18,0.21,0.06,321.01,104.17,23.45,0.2,29.82,48.29818721941214
882,1657.47,0.22,0.09,384.04,159.33,32.63,0.28,30.05,56.79859898670799
883,1597.47,0.14,0.11,221.13,160.12,32.02,0.28,29.63,71.04040340761284
884,1671.58,0.22,0.11,330.76,176.26,35.25,0.3,29.76,65.4532969102913
885,1742.24,0.21,0.07,342.29,131.14,30.31,0.26,29.94,62.419892887385515
886,1651.83,0.17,0.09,329.54,112.09,26.42,0.23,30.76,51.42397418206657
887,1535.66,0.18,0.04,290.07,77.71,26.09,0.23,30.77,62.384784137659636
888,1572.22,0.2,0.12,298.7,191.52,38.49,0.33,29.85,78.61098968574512
889,1658.26,0.19,0.14,318.98,198.15,39.63,0.34,29.92,74.82646605912063
890,1611.65,0.18,0.11,310.38,113.83,24.16,0.21,29.97,52.31069561082304
891,1640.14,0.22,0.12,410.64,234.47,52.23,0.45,29.76,100.86028928057375
892,1632.35,0.19,0.08,366.53,150.81,32.91,0.28,29.17,67.14870649973061
893,1569.93,0.2,0.12,370.44,244.52,49.38,0.43,29.97,106.91230792920362
894,1582.91,0.2,0.1,302.36,140.95,28.19,0.24,30.27,50.00767173734846
895,1665.94,0.15,0.12,209.35,179.89,35.98,0.31,30.04,73.45917854067584
896,1620.36,0.18,0.07,270.98,93.92,19.12,0.17,29.97,42.2177904829242
897,1642.47,0.22,0.13,334.05,225.4,46.26,0.4,29.53,88.14272650674926
898,1551.25,0.14,0.1,226.93,129.01,29.01,0.25,30.28,53.28408840790517
899,1652.13,0.2,0.12,317.61,172.17,37.09,0.32,30.04,74.85705344357049
900,1603.76,0.18,0.08,253.83,82.59,19.74,0.17,29.87,35.310738971776004
901,1529.43,0.19,0.05,305.76,149.31,34.66,0.3,30.05,71.76280036334977
902,1669.61,0.22,0.08,414.45,76.15,22.14,0.19,29.34,39.99732836651619
903,1657.12,0.21,0.12,433.03,162.77,32.55,0.28,30.23,59.439679833710784
904,1631.75,0.19,0.16,376.51,289.75,58.01,0.5,30.19,122.97289475810268
905,1650.64,0.22,0.07,359.35,106.14,22.41,0.19,29.9,46.22120680825508
906,1549.62,0.21,0.13,326.81,186.69,37.34,0.32,30.08,75.71564773988428
907,1635.46,0.2,0.11,321.79,185.72,37.56,0.32,29.94,74.6449435304139
908,1613.7,0.22,0.15,393.76,281.43,56.29,0.49,30.37,113.88147418900861
909,1675.44,0.25,0.11,423.95,173.03,35.1,0.3,30.55,71.40230368345372
910,1559.27,0.26,0.15,382.56,189.15,38.11,0.33,29.97,76.52629136485723
911,1606.87,0.22,0.11,402.67,80.02,30.31,0.26,29.67,54.17665003130374
912,1544.27,0.17,0.12,277.74,172.68,36.94,0.32,29.85,65.33880710804655
913,1537.44,0.17,0.09,229.11,90.47,22.5,0.19,29.9,42.64989315520758
914,1538.15,0.22,0.08,308.27,70.16,17.84,0.15,29.64,34.97990923051998
915,1640.26,0.2,0.08,300.59,71.62,19.26,0.17,29.78,36.27368847194295
916,1698.76,0.15,0.09,213.48,139.27,29.99,0.26,30.14,66.52694947091078
917,1556.17,0.26,0.09,428.56,93.56,27.17,0.23,30.12,67.58187858370698
918,1570.44,0.22,0.12,329.1,216.95,43.39,0.37,30.01,85.17899783402402
919,1645.59,0.18,0.11,410.03,232.05,48.0,0.41,29.99,104.04579889085733
920,1594.16,0.18,0.06,274.9,94.39,19.07,0.16,30.43,40.10256383123377
921,1563.74,0.19,0.1,243.49,171.9,37.37,0.32,29.95,76.39796003368761
922,1670.37,0.2,0.08,335.56,129.54,32.56,0.28,30.46,69.95473207577635
923,1603.28,0.2,0.09,333.27,157.17,35.15,0.3,29.75,61.20452401655084
924,1602.58,0.2,0.08,328.53,171.01,34.2,0.3,30.14,77.407888802699
925,1614.13,0.2,0.12,255.42,196.7,39.34,0.34,29.65,78.67665288867963
926,1649.44,0.27,0.1,476.3,130.52,36.2,0.31,29.74,71.79444471253846
927,1607.56,0.15,0.14,237.93,214.78,42.96,0.37,29.83,97.38114229534435
928,1600.92,0.16,0.05,278.85,28.22,21.19,0.18,29.85,47.43001830839706
929,1566.14,0.2,0.11,307.96,191.64,38.33,0.33,29.33,78.99828848806114
930,1610.33,0.15,0.09,220.88,146.14,29.23,0.25,29.97,55.224959860157995
931,1589.32,0.18,0.12,355.35,226.1,46.88,0.41,29.99,103.41529053551814
932,1628.52,0.21,0.11,407.22,231.01,47.81,0.41,30.31,99.5071195033217
933,1597.3,0.2,0.13,301.11,190.4,38.08,0.33,30.42,81.9584236962484
934,1628.73,0.22,0.07,389.25,117.95,24.1,0.21,30.09,41.63508839595454
935,1730.64,0.17,0.09,300.16,143.23,29.03,0.25,29.91,49.5193532824915
936,1671.71,0.24,0.07,389.92,87.45,26.09,0.23,30.18,63.89767026251007
937,1580.19,0.16,0.06,249.26,114.05,36.01,0.31,29.68,79.8628162236989
938,1619.45,0.21,0.09,356.79,143.17,31.69,0.27,29.34,67.66039686211933
939,1516.05,0.19,0.16,290.7,221.65,44.33,0.38,30.36,86.63618340710241
940,1544.54,0.19,0.06,260.56,111.13,25.28,0.22,29.25,43.18612675911595
941,1599.75,0.22,0.04,376.76,76.58,20.66,0.18,30.19,43.83095340971168
942,1637.78,0.19,0.08,321.37,76.48,19.67,0.17,29.5,36.61624795648869
943,1565.37,0.19,0.08,302.09,123.26,27.13,0.23,30.76,58.88383883955492
944,1714.36,0.26,0.14,398.05,244.09,48.82,0.42,29.81,93.69501206317462
945,1562.28,0.24,0.12,381.64,174.73,35.15,0.3,30.45,75.59469202400287
946,1615.14,0.18,0.06,320.42,136.18,39.18,0.34,29.84,62.61787222576818
947,1716.55,0.16,0.08,348.39,80.8,32.37,0.28,30.12,76.20965201433343
948,1657.96,0.21,0.11,356.26,136.12,31.73,0.27,29.92,66.83618410919573
949,1694.59,0.18,0.04,318.77,68.71,18.51,0.16,30.01,31.115892611256136
950,1634.54,0.25,0.08,434.9,119.57,33.68,0.29,29.89,71.85012853520132
951,1577.29,0.22,0.13,372.73,224.79,44.96,0.39,30.19,93.54153160562448
952,1573.25,0.2,0.03,300.33,62.56,18.35,0.16,29.88,30.536201227145806
953,1567.0,0.24,0.13,354.31,166.61,35.06,0.3,29.92,68.58668987716902
954,1615.9,0.18,0.1,226.82,108.75,23.45,0.2,30.34,44.88052940663485
955,1682.75,0.2,0.05,287.34,20.68,23.06,0.2,30.08,54.491821426798154
956,1496.72,0.13,0.1,190.88,103.33,20.67,0.18,30.0,43.68854816079009
957,1633.71,0.2,0.12,334.71,239.44,54.12,0.47,29.77,108.03641162640773
958,1565.24,0.15,0.17,293.7,269.95,53.99,0.47,29.69,101.186611633558
959,1668.44,0.22,0.1,329.49,151.75,38.08,0.33,29.83,65.87200135511755
960,1531.71,0.28,0.12,471.39,185.8,37.33,0.32,29.98,71.6474579217182
961,1544.95,0.18,0.13,253.79,229.08,47.81,0.41,30.45,102.97925741949828
962,1663.17,0.23,0.13,417.54,246.75,49.35,0.43,30.34,99.52196185954512
963,1479.28,0.21,0.01,317.97,42.04,11.96,0.1,29.65,19.60240700577493
964,1467.01,0.2,0.11,322.65,119.56,23.91,0.21,29.9,48.0725483493581
965,1620.91,0.17,0.13,283.99,169.18,37.29,0.32,29.74,83.65258546224005
966,1596.24,0.13,0.11,167.12,198.32,40.01,0.35,30.36,85.0124903066663
967,1626.09,0.18,0.05,294.23,75.46,19.87,0.17,30.16,41.16176357376424
968,1595.73,0.16,0.05,239.06,133.51,30.11,0.26,29.85,59.392595458497055
969,1554.55,0.23,0.12,309.14,195.06,41.2,0.36,30.19,93.79851169091161
970,1513.21,0.26,0.14,313.63,221.07,44.21,0.38,29.68,84.25525684434767
971,1446.21,0.21,0.1,316.62,173.33,35.74,0.31,30.14,72.34106279866725
972,1593.63,0.2,0.06,362.0,160.84,40.1,0.35,30.15,85.25452074265775
973,1617.26,0.16,0.11,267.48,169.58,37.24,0.32,30.17,80.68045308278079
974,1688.6,0.23,0.12,313.57,188.77,37.75,0.33,30.3,74.22610794287006
975,1579.08,0.15,0.08,193.78,59.6,30.01,0.26,29.76,52.373102536114075
976,1590.29,0.1,0.12,119.97,221.02,44.97,0.39,29.93,91.24527000084497
977,1547.7,0.14,0.09,187.94,114.41,27.68,0.24,30.1,50.3344562641073
978,1630.51,0.23,0.15,385.3,207.48,46.49,0.4,30.66,83.09704164666684
979,1649.73,0.15,0.14,362.43,207.14,41.68,0.36,29.89,82.14523403288304
980,1584.41,0.26,0.11,416.24,190.15,38.53,0.33,29.95,65.91722001812711
981,1577.72,0.12,0.12,248.5,190.12,39.12,0.34,29.94,67.75564328583697
982,1554.73,0.22,0.09,380.28,103.81,20.76,0.18,29.35,40.26099370892502
983,1598.41,0.21,0.06,405.92,147.33,30.9,0.27,30.06,63.63692157359114
984,1587.0,0.2,0.17,300.25,290.47,58.09,0.5,30.64,134.01851110755103
985,1613.83,0.2,0.12,270.5,266.33,53.73,0.46,30.25,121.59031496483365
986,1632.12,0.2,0.11,332.22,167.09,33.42,0.29,29.92,63.41540258425626
987,1686.18,0.18,0.09,326.04,187.07,42.07,0.36,29.63,87.56722527406859
988,1698.36,0.15,0.14,262.32,249.25,49.85,0.43,30.19,106.48432710953745
989,1638.69,0.19,0.12,318.84,217.48,43.5,0.38,29.8,88.0233539077383
990,1670.0,0.2,0.15,352.91,269.74,53.95,0.47,29.72,108.61376707264294
991,1597.02,0.2,0.1,404.72,179.23,35.85,0.31,29.97,80.93328205694984
992,1552.63,0.26,0.14,478.18,200.28,40.06,0.35,29.95,73.48568593446083
993,1557.26,0.21,0.1,309.19,184.11,37.77,0.33,30.45,78.24839153019991
994,1641.83,0.22,0.09,393.77,146.2,30.11,0.26,30.19,66.21654000153052
995,1737.09,0.2,0.11,384.5,166.92,34.61,0.3,30.27,64.33222438539089
996,1654.39,0.24,0.07,310.38,162.35,34.15,0.3,30.68,72.4999024235587
997,1574.07,0.17,0.1,262.17,153.67,30.73,0.27,30.47,64.6556140320881
998,1613.98,0.22,0.1,346.12,182.18,36.7,0.32,29.73,76.88826822107568
999,1536.1,0.18,0.11,290.51,210.61,42.43,0.37,30.33,90.00886627485647
